Ýyl,Ugur,Kwota,Hünär
2015,1. Matematika we tebigy ylymlar,149.0,Bakalawr
2015,1. Matematika we tebigy ylymlar,466.0,Hünärmen
2015,"2. Inženerçilik işi, tehnologiýalar we tehniki ylymlar",188.0,Bakalawr
2015,"2. Inženerçilik işi, tehnologiýalar we tehniki ylymlar",1699.0,Hünärmen
2015,3. Saglygy goraýyş we lukmançylyk ylymlary,497.0,Hünärmen
2015,4. Oba hojalygy we oba hojalyk ylymlary,555.0,Hünärmen
2015,5. Jemgyýet baradaky ylymlar,407.0,Bakalawr
2015,5. Jemgyýet baradaky ylymlar,1157.0,Hünärmen
2015,6. Bilim we pedagogika (mugallymçylyk) ylymlary,50.0,Bakalawr
2015,6. Bilim we pedagogika (mugallymçylyk) ylymlary,382.0,Hünärmen
2015,7. Ynsanperwer ylymlar,256.0,Bakalawr
2015,7. Ynsanperwer ylymlar,910.0,Hünärmen
2015,8. Sungat we medeniýet,412.0,Hünärmen
2016,1. Matematika we tebigy ylymlar,35.0,Bakalawr
2016,1. Matematika we tebigy ylymlar,470.0,Hünärmen
2016,"2. Inženerçilik işi, tehnologiýalar we tehniki ylymlar",516.0,Bakalawr
2016,"2. Inženerçilik işi, tehnologiýalar we tehniki ylymlar",1746.0,Hünärmen
2016,3. Saglygy goraýyş we lukmançylyk ylymlary,573.0,Hünärmen
2016,4. Oba hojalygy we oba hojalyk ylymlary,0.0,Bakalawr
2016,4. Oba hojalygy we oba hojalyk ylymlary,555.0,Hünärmen
2016,5. Jemgyýet baradaky ylymlar,286.0,Bakalawr
2016,5. Jemgyýet baradaky ylymlar,1134.0,Hünärmen
2016,6. Bilim we pedagogika (mugallymçylyk) ylymlary,422.0,Hünärmen
2016,7. Ynsanperwer ylymlar,21.0,Bakalawr
2016,7. Ynsanperwer ylymlar,1090.0,Hünärmen
2016,8. Sungat we medeniýet,0.0,Bakalawr
2016,8. Sungat we medeniýet,408.0,Hünärmen
2017,1. Matematika we tebigy ylymlar,735.0,Hünärmen
2017,"2. Inženerçilik işi, tehnologiýalar we tehniki ylymlar",91.0,Bakalawr
2017,"2. Inženerçilik işi, tehnologiýalar we tehniki ylymlar",2618.0,Hünärmen
2017,3. Saglygy goraýyş we lukmançylyk ylymlary,573.0,Hünärmen
2017,4. Oba hojalygy we oba hojalyk ylymlary,555.0,Hünärmen
2017,5. Jemgyýet baradaky ylymlar,101.0,Bakalawr
2017,5. Jemgyýet baradaky ylymlar,1659.0,Hünärmen
2017,6. Bilim we pedagogika (mugallymçylyk) ylymlary,75.0,Hünärmen
2017,7. Ynsanperwer ylymlar,0.0,Bakalawr
2017,7. Ynsanperwer ylymlar,1492.0,Hünärmen
2017,8. Sungat we medeniýet,409.0,Hünärmen
2018,1. Matematika we tebigy ylymlar,35.0,Bakalawr
2018,1. Matematika we tebigy ylymlar,591.0,Hünärmen
2018,"2. Inženerçilik işi, tehnologiýalar we tehniki ylymlar",594.0,Bakalawr
2018,"2. Inženerçilik işi, tehnologiýalar we tehniki ylymlar",2320.0,Hünärmen
2018,3. Saglygy goraýyş we lukmançylyk ylymlary,573.0,Hünärmen
2018,4. Oba hojalygy we oba hojalyk ylymlary,0.0,Bakalawr
2018,4. Oba hojalygy we oba hojalyk ylymlary,605.0,Hünärmen
2018,5. Jemgyýet baradaky ylymlar,345.0,Bakalawr
2018,5. Jemgyýet baradaky ylymlar,1429.0,Hünärmen
2018,6. Bilim we pedagogika (mugallymçylyk) ylymlary,500.0,Hünärmen
2018,7. Ynsanperwer ylymlar,20.0,Bakalawr
2018,7. Ynsanperwer ylymlar,1387.0,Hünärmen
2018,8. Sungat we medeniýet,0.0,Bakalawr
2018,8. Sungat we medeniýet,451.0,Hünärmen
2019,1. Matematika we tebigy ylymlar,121.0,Bakalawr
2019,1. Matematika we tebigy ylymlar,1636.0,Hünärmen
2019,"2. Inženerçilik işi, tehnologiýalar we tehniki ylymlar",778.0,Bakalawr
2019,"2. Inženerçilik işi, tehnologiýalar we tehniki ylymlar",2769.0,Hünärmen
2019,3. Saglygy goraýyş we lukmançylyk ylymlary,647.0,Hünärmen
2019,4. Oba hojalygy we oba hojalyk ylymlary,0.0,Bakalawr
2019,4. Oba hojalygy we oba hojalyk ylymlary,745.0,Hünärmen
2019,5. Jemgyýet baradaky ylymlar,527.0,Bakalawr
2019,5. Jemgyýet baradaky ylymlar,2014.0,Hünärmen
2019,6. Bilim we pedagogika (mugallymçylyk) ylymlary,150.0,Hünärmen
2019,7. Ynsanperwer ylymlar,20.0,Bakalawr
2019,7. Ynsanperwer ylymlar,2336.0,Hünärmen
2019,8. Sungat we medeniýet,0.0,Bakalawr
2019,8. Sungat we medeniýet,499.0,Hünärmen
2020,1. Matematika we tebigy ylymlar,195.0,Bakalawr
2020,1. Matematika we tebigy ylymlar,1201.0,Hünärmen
2020,"2. Inženerçilik işi, tehnologiýalar we tehniki ylymlar",959.0,Bakalawr
2020,"2. Inženerçilik işi, tehnologiýalar we tehniki ylymlar",3802.0,Hünärmen
2020,3. Saglygy goraýyş we lukmançylyk ylymlary,1000.0,Hünärmen
2020,4. Oba hojalygy we oba hojalyk ylymlary,90.0,Bakalawr
2020,4. Oba hojalygy we oba hojalyk ylymlary,610.0,Hünärmen
2020,5. Jemgyýet baradaky ylymlar,1136.0,Bakalawr
2020,5. Jemgyýet baradaky ylymlar,1721.0,Hünärmen
2020,6. Bilim we pedagogika (mugallymçylyk) ylymlary,1109.0,Bakalawr
2020,6. Bilim we pedagogika (mugallymçylyk) ylymlary,185.0,Hünärmen
2020,7. Ynsanperwer ylymlar,98.0,Bakalawr
2020,7. Ynsanperwer ylymlar,1673.0,Hünärmen
2020,8. Sungat we medeniýet,276.0,Bakalawr
2020,8. Sungat we medeniýet,282.0,Hünärmen
2021,1. Matematika we tebigy ylymlar,114.0,Bakalawr
2021,1. Matematika we tebigy ylymlar,1236.0,Hünärmen
2021,"2. Inženerçilik işi, tehnologiýalar we tehniki ylymlar",1301.0,Bakalawr
2021,"2. Inženerçilik işi, tehnologiýalar we tehniki ylymlar",3576.0,Hünärmen
2021,3. Saglygy goraýyş we lukmançylyk ylymlary,1000.0,Hünärmen
2021,4. Oba hojalygy we oba hojalyk ylymlary,130.0,Bakalawr
2021,4. Oba hojalygy we oba hojalyk ylymlary,591.0,Hünärmen
2021,5. Jemgyýet baradaky ylymlar,1874.0,Bakalawr
2021,5. Jemgyýet baradaky ylymlar,996.0,Hünärmen
2021,6. Bilim we pedagogika (mugallymçylyk) ylymlary,1139.0,Bakalawr
2021,6. Bilim we pedagogika (mugallymçylyk) ylymlary,210.0,Hünärmen
2021,7. Ynsanperwer ylymlar,148.0,Bakalawr
2021,7. Ynsanperwer ylymlar,1733.0,Hünärmen
2021,8. Sungat we medeniýet,350.0,Bakalawr
2021,8. Sungat we medeniýet,289.0,Hünärmen
2022,1. Matematika we tebigy ylymlar,171.0,Bakalawr
2022,1. Matematika we tebigy ylymlar,846.0,Hünärmen
2022,"2. Inženerçilik işi, tehnologiýalar we tehniki ylymlar",1741.0,Bakalawr
2022,"2. Inženerçilik işi, tehnologiýalar we tehniki ylymlar",3217.0,Hünärmen
2022,3. Saglygy goraýyş we lukmançylyk ylymlary,1000.0,Hünärmen
2022,4. Oba hojalygy we oba hojalyk ylymlary,130.0,Bakalawr
2022,4. Oba hojalygy we oba hojalyk ylymlary,571.0,Hünärmen
2022,5. Jemgyýet baradaky ylymlar,2341.0,Bakalawr
2022,5. Jemgyýet baradaky ylymlar,694.0,Hünärmen
2022,6. Bilim we pedagogika (mugallymçylyk) ylymlary,1239.0,Bakalawr
2022,6. Bilim we pedagogika (mugallymçylyk) ylymlary,1075.0,Hünärmen
2022,7. Ynsanperwer ylymlar,199.0,Bakalawr
2022,7. Ynsanperwer ylymlar,1250.0,Hünärmen
2022,8. Sungat we medeniýet,230.0,Bakalawr
2022,8. Sungat we medeniýet,280.0,Hünärmen
2023,1. Matematika we tebigy ylymlar,249.0,Bakalawr
2023,1. Matematika we tebigy ylymlar,823.0,Hünärmen
2023,"2. Inženerçilik işi, tehnologiýalar we tehniki ylymlar",1815.0,Bakalawr
2023,"2. Inženerçilik işi, tehnologiýalar we tehniki ylymlar",3081.0,Hünärmen
2023,3. Saglygy goraýyş we lukmançylyk ylymlary,1000.0,Hünärmen
2023,4. Oba hojalygy we oba hojalyk ylymlary,175.0,Bakalawr
2023,4. Oba hojalygy we oba hojalyk ylymlary,591.0,Hünärmen
2023,5. Jemgyýet baradaky ylymlar,2569.0,Bakalawr
2023,5. Jemgyýet baradaky ylymlar,550.0,Hünärmen
2023,6. Bilim we pedagogika (mugallymçylyk) ylymlary,1254.0,Bakalawr
2023,6. Bilim we pedagogika (mugallymçylyk) ylymlary,1045.0,Hünärmen
2023,7. Ynsanperwer ylymlar,155.0,Bakalawr
2023,7. Ynsanperwer ylymlar,1318.0,Hünärmen
2023,8. Sungat we medeniýet,295.0,Bakalawr
2023,8. Sungat we medeniýet,279.0,Hünärmen
2024,1. Matematika we tebigy ylymlar,769.0,Bakalawr
2024,1. Matematika we tebigy ylymlar,1898.0,Hünärmen
2024,"2. Inženerçilik işi, tehnologiýalar we tehniki ylymlar",1310.0,Bakalawr
2024,"2. Inženerçilik işi, tehnologiýalar we tehniki ylymlar",2119.0,Hünärmen
2024,3. Saglygy goraýyş we lukmançylyk ylymlary,1110.0,Hünärmen
2024,4. Oba hojalygy we oba hojalyk ylymlary,184.0,Bakalawr
2024,4. Oba hojalygy we oba hojalyk ylymlary,398.0,Hünärmen
2024,5. Jemgyýet baradaky ylymlar,2642.0,Bakalawr
2024,5. Jemgyýet baradaky ylymlar,524.0,Hünärmen
2024,6. Bilim we pedagogika (mugallymçylyk) ylymlary,1273.0,Bakalawr
2024,6. Bilim we pedagogika (mugallymçylyk) ylymlary,1026.0,Hünärmen
2024,7. Ynsanperwer ylymlar,174.0,Bakalawr
2024,7. Ynsanperwer ylymlar,1295.0,Hünärmen
2024,8. Sungat we medeniýet,285.0,Bakalawr
2024,8. Sungat we medeniýet,296.0,Hünärmen
2025,1. Matematika we tebigy ylymlar,806.6507134992047,Bakalawr
2025,1. Matematika we tebigy ylymlar,1990.9272486625364,Hünärmen
2025,"2. Inženerçilik işi, tehnologiýalar we tehniki ylymlar",1374.138406611129,Bakalawr
2025,"2. Inženerçilik işi, tehnologiýalar we tehniki ylymlar",2222.7475447396814,Hünärmen
2025,3. Saglygy goraýyş we lukmançylyk ylymlary,1164.346283464392,Hünärmen
2025,4. Oba hojalygy we oba hojalyk ylymlary,193.0087532949983,Bakalawr
2025,4. Oba hojalygy we oba hojalyk ylymlary,417.4863250620072,Hünärmen
2025,5. Jemgyýet baradaky ylymlar,2771.3539467683995,Bakalawr
2025,5. Jemgyýet baradaky ylymlar,549.6553626444517,Hünärmen
2025,6. Bilim we pedagogika (mugallymçylyk) ylymlary,1335.3268638289828,Bakalawr
2025,6. Bilim we pedagogika (mugallymçylyk) ylymlary,1076.2335917427622,Hünärmen
2025,7. Ynsanperwer ylymlar,182.5191471376614,Bakalawr
2025,7. Ynsanperwer ylymlar,1358.403997375124,Hünärmen
2025,8. Sungat we medeniýet,298.9537754841006,Bakalawr
2025,8. Sungat we medeniýet,310.4923422571712,Hünärmen
2026,1. Matematika we tebigy ylymlar,946.8102414663715,Bakalawr
2026,1. Matematika we tebigy ylymlar,2336.8606479885216,Hünärmen
2026,"2. Inženerçilik işi, tehnologiýalar we tehniki ylymlar",1612.90171173075,Bakalawr
2026,"2. Inženerçilik işi, tehnologiýalar we tehniki ylymlar",2608.960860425542,Hünärmen
2026,3. Saglygy goraýyş we lukmançylyk ylymlary,1366.657175588651,Hünärmen
2026,4. Oba hojalygy we oba hojalyk ylymlary,226.54497325073132,Bakalawr
2026,4. Oba hojalygy we oba hojalyk ylymlary,490.02662692277755,Hünärmen
2026,5. Jemgyýet baradaky ylymlar,3252.8903224371315,Bakalawr
2026,5. Jemgyýet baradaky ylymlar,645.1606846923002,Hünärmen
2026,6. Bilim we pedagogika (mugallymçylyk) ylymlary,1567.346472544462,Bakalawr
2026,6. Bilim we pedagogika (mugallymçylyk) ylymlary,1263.2344704089692,Hünärmen
2026,7. Ynsanperwer ylymlar,214.23274644362633,Bakalawr
2026,7. Ynsanperwer ylymlar,1594.4333715200928,Hünärmen
2026,8. Sungat we medeniýet,350.89846400249144,Bakalawr
2026,8. Sungat we medeniýet,364.4419134903069,Hünärmen
2027,1. Matematika we tebigy ylymlar,1031.143734220156,Bakalawr
2027,1. Matematika we tebigy ylymlar,2545.0075520804367,Hünärmen
2027,"2. Inženerçilik işi, tehnologiýalar we tehniki ylymlar",1756.5647488015659,Bakalawr
2027,"2. Inženerçilik işi, tehnologiýalar we tehniki ylymlar",2841.3440478706248,Hünärmen
2027,3. Saglygy goraýyş we lukmançylyk ylymlary,1488.3869245570522,Hünärmen
2027,4. Oba hojalygy we oba hojalyk ylymlary,246.7235983049528,Bakalawr
2027,4. Oba hojalygy we oba hojalyk ylymlary,533.6738702465826,Hünärmen
2027,5. Jemgyýet baradaky ylymlar,3542.629058270029,Bakalawr
2027,5. Jemgyýet baradaky ylymlar,702.6258995206265,Hünärmen
2027,6. Bilim we pedagogika (mugallymçylyk) ylymlary,1706.9518513163312,Bakalawr
2027,6. Bilim we pedagogika (mugallymçylyk) ylymlary,1375.7522383743565,Hünärmen
2027,7. Ynsanperwer ylymlar,233.31470709272708,Bakalawr
2027,7. Ynsanperwer ylymlar,1736.4514119832274,Hünärmen
2027,8. Sungat we medeniýet,382.15339954843233,Bakalawr
2027,8. Sungat we medeniýet,396.9031798818806,Hünärmen
2028,1. Matematika we tebigy ylymlar,1172.1842307221746,Bakalawr
2028,1. Matematika we tebigy ylymlar,2893.115305475536,Hünärmen
2028,"2. Inženerçilik işi, tehnologiýalar we tehniki ylymlar",1996.8287935579306,Bakalawr
2028,"2. Inženerçilik işi, tehnologiýalar we tehniki ylymlar",3229.984895839126,Hünärmen
2028,3. Saglygy goraýyş we lukmançylyk ylymlary,1691.9694357628268,Hünärmen
2028,4. Oba hojalygy we oba hojalyk ylymlary,280.4706091714956,Bakalawr
2028,4. Oba hojalygy we oba hojalyk ylymlary,606.6701220122568,Hünärmen
2028,5. Jemgyýet baradaky ylymlar,4027.192116473323,Bakalawr
2028,5. Jemgyýet baradaky ylymlar,798.7315174231724,Hünärmen
2028,6. Bilim we pedagogika (mugallymçylyk) ylymlary,1940.4298123658366,Bakalawr
2028,6. Bilim we pedagogika (mugallymçylyk) ylymlary,1563.9285054888833,Hünärmen
2028,7. Ynsanperwer ylymlar,265.2276412817404,Bakalawr
2028,7. Ynsanperwer ylymlar,1973.964341723298,Hünärmen
2028,8. Sungat we medeniýet,434.4245848580231,Bakalawr
2028,8. Sungat we medeniýet,451.1918495367538,Hünärmen
2029,1. Matematika we tebigy ylymlar,1239.4371976109176,Bakalawr
2029,1. Matematika we tebigy ylymlar,3059.1050729070503,Hünärmen
2029,"2. Inženerçilik işi, tehnologiýalar we tehniki ylymlar",2111.3949660211993,Bakalawr
2029,"2. Inženerçilik işi, tehnologiýalar we tehniki ylymlar",3415.3022389304742,Hünärmen
2029,3. Saglygy goraýyş we lukmançylyk ylymlary,1789.0445895294133,Hünärmen
2029,4. Oba hojalygy we oba hojalyk ylymlary,296.56234637244324,Bakalawr
2029,4. Oba hojalygy we oba hojalyk ylymlary,641.4772492186544,Hünärmen
2029,5. Jemgyýet baradaky ylymlar,4258.248473456495,Bakalawr
2029,5. Jemgyýet baradaky ylymlar,844.5579864084798,Hünärmen
2029,6. Bilim we pedagogika (mugallymçylyk) ylymlary,2051.760146370219,Bakalawr
2029,6. Bilim we pedagogika (mugallymçylyk) ylymlary,1653.657431402863,Hünärmen
2029,7. Ynsanperwer ylymlar,280.4448275478539,Bakalawr
2029,7. Ynsanperwer ylymlar,2087.218687784315,Hünärmen
2029,8. Sungat we medeniýet,459.34928650079524,Bakalawr
2029,8. Sungat we medeniýet,477.0785572078435,Hünärmen
2030,1. Matematika we tebigy ylymlar,1261.9489372587839,Bakalawr
2030,1. Matematika we tebigy ylymlar,3114.6672079547097,Hünärmen
2030,"2. Inženerçilik işi, tehnologiýalar we tehniki ylymlar",2149.743963340711,Bakalawr
2030,"2. Inženerçilik işi, tehnologiýalar we tehniki ylymlar",3477.3339376480662,Hünärmen
2030,3. Saglygy goraýyş we lukmançylyk ylymlary,1821.5387780978547,Hünärmen
2030,4. Oba hojalygy we oba hojalyk ylymlary,301.94877042342813,Bakalawr
2030,4. Oba hojalygy we oba hojalyk ylymlary,653.1283186332848,Hünärmen
2030,5. Jemgyýet baradaky ylymlar,4335.590497058137,Bakalawr
2030,5. Jemgyýet baradaky ylymlar,859.8975853362845,Hünärmen
2030,6. Bilim we pedagogika (mugallymçylyk) ylymlary,2089.026004070783,Bakalawr
2030,6. Bilim we pedagogika (mugallymçylyk) ylymlary,1683.6926002958548,Hünärmen
2030,7. Ynsanperwer ylymlar,285.53851116128527,Bakalawr
2030,7. Ynsanperwer ylymlar,2125.128574447497,Hünärmen
2030,8. Sungat we medeniýet,467.6923889710707,Bakalawr
2030,8. Sungat we medeniýet,485.7436741594279,Hünärmen
2031,1. Matematika we tebigy ylymlar,1315.0550890344682,Bakalawr
2031,1. Matematika we tebigy ylymlar,3245.74064887831,Hünärmen
2031,"2. Inženerçilik işi, tehnologiýalar we tehniki ylymlar",2240.2108798896666,Bakalawr
2031,"2. Inženerçilik işi, tehnologiýalar we tehniki ylymlar",3623.6693545696207,Hünärmen
2031,3. Saglygy goraýyş we lukmançylyk ylymlary,1898.1939516622365,Hünärmen
2031,4. Oba hojalygy we oba hojalyk ylymlary,314.65557396923555,Bakalawr
2031,4. Oba hojalygy we oba hojalyk ylymlary,680.6136871725856,Hünärmen
2031,5. Jemgyýet baradaky ylymlar,4518.043621884351,Bakalawr
2031,5. Jemgyýet baradaky ylymlar,896.0843519558666,Hünärmen
2031,6. Bilim we pedagogika (mugallymçylyk) ylymlary,2176.937748167592,Bakalawr
2031,6. Bilim we pedagogika (mugallymçylyk) ylymlary,1754.546841806716,Hünärmen
2031,7. Ynsanperwer ylymlar,297.55472755786406,Bakalawr
2031,7. Ynsanperwer ylymlar,2214.5596102726095,Hünärmen
2031,8. Sungat we medeniýet,487.37412272408767,Bakalawr
2031,8. Sungat we medeniýet,506.1850537765964,Hünärmen
2032,1. Matematika we tebigy ylymlar,1363.7649512284645,Bakalawr
2032,1. Matematika we tebigy ylymlar,3365.96342969002,Hünärmen
2032,"2. Inženerçilik işi, tehnologiýalar we tehniki ylymlar",2323.1886685426375,Bakalawr
2032,"2. Inženerçilik işi, tehnologiýalar we tehniki ylymlar",3757.8906783525563,Hünärmen
2032,3. Saglygy goraýyş we lukmançylyk ylymlary,1968.5033756353648,Hünärmen
2032,4. Oba hojalygy we oba hojalyk ylymlary,326.31046947469105,Bakalawr
2032,4. Oba hojalygy we oba hojalyk ylymlary,705.8237328854731,Hünärmen
2032,5. Jemgyýet baradaky ylymlar,4685.392719305075,Bakalawr
2032,5. Jemgyýet baradaky ylymlar,929.2754674170551,Hünärmen
2032,6. Bilim we pedagogika (mugallymçylyk) ylymlary,2257.5718893547923,Bakalawr
2032,6. Bilim we pedagogika (mugallymçylyk) ylymlary,1819.53555261431,Hünärmen
2032,7. Ynsanperwer ylymlar,308.5762048293274,Bakalawr
2032,7. Ynsanperwer ylymlar,2296.5872715745923,Hünärmen
2032,8. Sungat we medeniýet,505.42654239286384,Bakalawr
2032,8. Sungat we medeniýet,524.9342335027638,Hünärmen
2033,1. Matematika we tebigy ylymlar,1363.123469285611,Bakalawr
2033,1. Matematika we tebigy ylymlar,3364.3801621639655,Hünärmen
2033,"2. Inženerçilik işi, tehnologiýalar we tehniki ylymlar",2322.095896962484,Bakalawr
2033,"2. Inženerçilik işi, tehnologiýalar we tehniki ylymlar",3756.1230577584,Hünärmen
2033,3. Saglygy goraýyş we lukmançylyk ylymlary,1967.57743941096,Hünärmen
2033,4. Oba hojalygy we oba hojalyk ylymlary,326.15698094740236,Bakalawr
2033,4. Oba hojalygy we oba hojalyk ylymlary,705.4917305275334,Hünärmen
2033,5. Jemgyýet baradaky ylymlar,4683.188824255636,Bakalawr
2033,5. Jemgyýet baradaky ylymlar,928.8383587849937,Hünärmen
2033,6. Bilim we pedagogika (mugallymçylyk) ylymlary,2256.5099823154524,Bakalawr
2033,6. Bilim we pedagogika (mugallymçylyk) ylymlary,1818.6796872393197,Hünärmen
2033,7. Ynsanperwer ylymlar,308.4310580698262,Bakalawr
2033,7. Ynsanperwer ylymlar,2295.50701264612,Hünärmen
2033,8. Sungat we medeniýet,505.18880201092213,Bakalawr
2033,8. Sungat we medeniýet,524.687317176256,Hünärmen
2034,1. Matematika we tebigy ylymlar,1359.437086387347,Bakalawr
2034,1. Matematika we tebigy ylymlar,3355.2816514475744,Hünärmen
2034,"2. Inženerçilik işi, tehnologiýalar we tehniki ylymlar",2315.816102948537,Bakalawr
2034,"2. Inženerçilik işi, tehnologiýalar we tehniki ylymlar",3745.9651314106486,Hünärmen
2034,3. Saglygy goraýyş we lukmançylyk ylymlary,1962.2563925747147,Hünärmen
2034,4. Oba hojalygy we oba hojalyk ylymlary,325.27493354391663,Bakalawr
2034,4. Oba hojalygy we oba hojalyk ylymlary,703.5838236439067,Hünärmen
2034,5. Jemgyýet baradaky ylymlar,4670.5237740381945,Bakalawr
2034,5. Jemgyýet baradaky ylymlar,926.3264411794149,Hünärmen
2034,6. Bilim we pedagogika (mugallymçylyk) ylymlary,2250.40755652938,Bakalawr
2034,6. Bilim we pedagogika (mugallymçylyk) ylymlary,1813.7613142177092,Hünärmen
2034,7. Ynsanperwer ylymlar,307.5969480252255,Bakalawr
2034,7. Ynsanperwer ylymlar,2289.2991246705005,Hünärmen
2034,8. Sungat we medeniýet,503.82258728269693,Bakalawr
2034,8. Sungat we medeniýet,523.2683713532572,Hünärmen
2035,1. Matematika we tebigy ylymlar,1305.612474835667,Bakalawr
2035,1. Matematika we tebigy ylymlar,3222.434950894793,Hünärmen
2035,"2. Inženerçilik işi, tehnologiýalar we tehniki ylymlar",2224.12528222981,Bakalawr
2035,"2. Inženerçilik işi, tehnologiýalar we tehniki ylymlar",3597.6499794236393,Hünärmen
2035,3. Saglygy goraýyş we lukmançylyk ylymlary,1884.5641704389996,Hünärmen
2035,4. Oba hojalygy we oba hojalyk ylymlary,312.39622284754586,Bakalawr
2035,4. Oba hojalygy we oba hojalyk ylymlary,675.7266124637133,Hünärmen
2035,5. Jemgyýet baradaky ylymlar,4485.60228675661,Bakalawr
2035,5. Jemgyýet baradaky ylymlar,889.6501128919242,Hünärmen
2035,6. Bilim we pedagogika (mugallymçylyk) ylymlary,2161.30647654851,Bakalawr
2035,6. Bilim we pedagogika (mugallymçylyk) ylymlary,1741.948503486859,Hünärmen
2035,7. Ynsanperwer ylymlar,295.4181672580053,Bakalawr
2035,7. Ynsanperwer ylymlar,2198.6581988454996,Hünärmen
2035,8. Sungat we medeniýet,483.87458430190526,Bakalawr
2035,8. Sungat we medeniýet,502.5504454503999,Hünärmen
2036,1. Matematika we tebigy ylymlar,1249.3074664382877,Bakalawr
2036,1. Matematika we tebigy ylymlar,3083.466282574603,Hünärmen
2036,"2. Inženerçilik işi, tehnologiýalar we tehniki ylymlar",2128.2090780678245,Bakalawr
2036,"2. Inženerçilik işi, tehnologiýalar we tehniki ylymlar",3442.5000278058933,Hünärmen
2036,3. Saglygy goraýyş we lukmançylyk ylymlary,1803.29166156892,Hünärmen
2036,4. Oba hojalygy we oba hojalyk ylymlary,298.9240231789921,Bakalawr
2036,4. Oba hojalygy we oba hojalyk ylymlary,646.58565883282,Hünärmen
2036,5. Jemgyýet baradaky ylymlar,4292.159071950528,Bakalawr
2036,5. Jemgyýet baradaky ylymlar,851.2836312271298,Hünärmen
2036,6. Bilim we pedagogika (mugallymçylyk) ylymlary,2068.099356015527,Bakalawr
2036,6. Bilim we pedagogika (mugallymçylyk) ylymlary,1666.82634663938,Hünärmen
2036,7. Ynsanperwer ylymlar,282.67815235404686,Bakalawr
2036,7. Ynsanperwer ylymlar,2103.8402718304064,Hünärmen
2036,8. Sungat we medeniýet,463.00731851093883,Bakalawr
2036,8. Sungat we medeniýet,480.87777641837863,Hünärmen
2037,1. Matematika we tebigy ylymlar,1374.3964452946868,Bakalawr
2037,1. Matematika we tebigy ylymlar,3392.2034501551566,Hünärmen
2037,"2. Inženerçilik işi, tehnologiýalar we tehniki ylymlar",2341.299536197711,Bakalawr
2037,"2. Inženerçilik işi, tehnologiýalar we tehniki ylymlar",3787.186043666374,Hünärmen
2037,3. Saglygy goraýyş we lukmançylyk ylymlary,1983.8492253278316,Hünärmen
2037,4. Oba hojalygy we oba hojalyk ylymlary,328.8542860002892,Bakalawr
2037,4. Oba hojalygy we oba hojalyk ylymlary,711.3261186310604,Hünärmen
2037,5. Jemgyýet baradaky ylymlar,4721.918606591109,Bakalawr
2037,5. Jemgyýet baradaky ylymlar,936.5198144790845,Hünärmen
2037,6. Bilim we pedagogika (mugallymçylyk) ylymlary,2275.1712286867837,Bakalawr
2037,6. Bilim we pedagogika (mugallymçylyk) ylymlary,1833.7200947624822,Hünärmen
2037,7. Ynsanperwer ylymlar,310.9817704567952,Bakalawr
2037,7. Ynsanperwer ylymlar,2314.4907628824703,Hünärmen
2037,8. Sungat we medeniýet,509.3666929895783,Bakalawr
2037,8. Sungat we medeniýet,529.0264600874217,Hünärmen
2038,1. Matematika we tebigy ylymlar,1331.211880901801,Bakalawr
2038,1. Matematika we tebigy ylymlar,3285.6178803011935,Hünärmen
2038,"2. Inženerçilik işi, tehnologiýalar we tehniki ylymlar",2267.734153421793,Bakalawr
2038,"2. Inženerçilik işi, tehnologiýalar we tehniki ylymlar",3668.1898252677706,Hünärmen
2038,3. Saglygy goraýyş we lukmançylyk ylymlary,1921.515198700909,Hünärmen
2038,4. Oba hojalygy we oba hojalyk ylymlary,318.5214383432137,Bakalawr
2038,4. Oba hojalygy we oba hojalyk ylymlary,688.97571989456,Hünärmen
2038,5. Jemgyýet baradaky ylymlar,4573.552391862884,Bakalawr
2038,5. Jemgyýet baradaky ylymlar,907.0936613687173,Hünärmen
2038,6. Bilim we pedagogika (mugallymçylyk) ylymlary,2203.68364679843,Bakalawr
2038,6. Bilim we pedagogika (mugallymçylyk) ylymlary,1776.1032377181375,Hünärmen
2038,7. Ynsanperwer ylymlar,301.21049060716945,Bakalawr
2038,7. Ynsanperwer ylymlar,2241.7677318177266,Hünärmen
2038,8. Sungat we medeniýet,493.36201047726036,Bakalawr
2038,8. Sungat we medeniýet,512.404052986909,Hünärmen
2039,1. Matematika we tebigy ylymlar,1221.3474068224536,Bakalawr
2039,1. Matematika we tebigy ylymlar,3014.4569286723236,Hünärmen
2039,"2. Inženerçilik işi, tehnologiýalar we tehniki ylymlar",2080.5788074608768,Bakalawr
2039,"2. Inženerçilik işi, tehnologiýalar we tehniki ylymlar",3365.4553381752658,Hünärmen
2039,3. Saglygy goraýyş we lukmançylyk ylymlary,1762.9331880012012,Hünärmen
2039,4. Oba hojalygy we oba hojalyk ylymlary,292.23396990290183,Bakalawr
2039,4. Oba hojalygy we oba hojalyk ylymlary,632.1147827247551,Hünärmen
2039,5. Jemgyýet baradaky ylymlar,4196.098633062319,Bakalawr
2039,5. Jemgyýet baradaky ylymlar,832.2315229843509,Hünärmen
2039,6. Bilim we pedagogika (mugallymçylyk) ylymlary,2021.8143678608371,Bakalawr
2039,6. Bilim we pedagogika (mugallymçylyk) ylymlary,1629.5220278281374,Hünärmen
2039,7. Ynsanperwer ylymlar,276.351688929918,Bakalawr
2039,7. Ynsanperwer ylymlar,2056.7553860014013,Hünärmen
2039,8. Sungat we medeniýet,452.6450077300381,Bakalawr
2039,8. Sungat we medeniýet,470.11551680032034,Hünärmen
2040,1. Matematika we tebigy ylymlar,1128.0331668687227,Bakalawr
2040,1. Matematika we tebigy ylymlar,2784.144279215651,Hünärmen
2040,"2. Inženerçilik işi, tehnologiýalar we tehniki ylymlar",1921.6169682679154,Bakalawr
2040,"2. Inženerçilik işi, tehnologiýalar we tehniki ylymlar",3108.3254624119945,Hünärmen
2040,3. Saglygy goraýyş we lukmançylyk ylymlary,1628.2403318911345,Hünärmen
2040,4. Oba hojalygy we oba hojalyk ylymlary,269.90650546663846,Bakalawr
2040,4. Oba hojalygy we oba hojalyk ylymlary,583.8195063897941,Hünärmen
2040,5. Jemgyýet baradaky ylymlar,3875.5053665372766,Bakalawr
2040,5. Jemgyýet baradaky ylymlar,768.6467873071662,Hünärmen
2040,6. Bilim we pedagogika (mugallymçylyk) ylymlary,1867.3422905382108,Bakalawr
2040,6. Bilim we pedagogika (mugallymçylyk) ylymlary,1505.0221446128862,Hünärmen
2040,7. Ynsanperwer ylymlar,255.23767364779943,Bakalawr
2040,7. Ynsanperwer ylymlar,1899.613720539657,Hünärmen
2040,8. Sungat we medeniýet,418.0617068369129,Bakalawr
2040,8. Sungat we medeniýet,434.19742183763583,Hünärmen
2041,1. Matematika we tebigy ylymlar,1049.7210512851884,Bakalawr
2041,1. Matematika we tebigy ylymlar,2590.8589796349643,Hünärmen
2041,"2. Inženerçilik işi, tehnologiýalar we tehniki ylymlar",1788.2114137628046,Bakalawr
2041,"2. Inženerçilik işi, tehnologiýalar we tehniki ylymlar",2892.5343402773915,Hünärmen
2041,3. Saglygy goraýyş we lukmançylyk ylymlary,1515.2020376158116,Hünärmen
2041,4. Oba hojalygy we oba hojalyk ylymlary,251.16862605523363,Bakalawr
2041,4. Oba hojalygy we oba hojalyk ylymlary,543.2886585325163,Hünärmen
2041,5. Jemgyýet baradaky ylymlar,3606.453858901779,Bakalawr
2041,5. Jemgyýet baradaky ylymlar,715.2845655051219,Hünärmen
2041,6. Bilim we pedagogika (mugallymçylyk) ylymlary,1737.704679175611,Bakalawr
2041,6. Bilim we pedagogika (mugallymçylyk) ylymlary,1400.5380996340746,Hünärmen
2041,7. Ynsanperwer ylymlar,237.51815724788395,Bakalawr
2041,7. Ynsanperwer ylymlar,1767.7357105517801,Hünärmen
2041,8. Sungat we medeniýet,389.0383610094651,Bakalawr
2041,8. Sungat we medeniýet,404.05387669754975,Hünärmen
2042,1. Matematika we tebigy ylymlar,954.542237150897,Bakalawr
2042,1. Matematika we tebigy ylymlar,2355.944299235894,Hünärmen
2042,"2. Inženerçilik işi, tehnologiýalar we tehniki ylymlar",1626.0732518435307,Bakalawr
2042,"2. Inženerçilik işi, tehnologiýalar we tehniki ylymlar",2630.266580653772,Hünärmen
2042,3. Saglygy goraýyş we lukmançylyk ylymlary,1377.8177935468086,Hünärmen
2042,4. Oba hojalygy we oba hojalyk ylymlary,228.39502163298445,Bakalawr
2042,4. Oba hojalygy we oba hojalyk ylymlary,494.0283620104773,Hünärmen
2042,5. Jemgyýet baradaky ylymlar,3279.4546040997006,Bakalawr
2042,5. Jemgyýet baradaky ylymlar,650.4293007374123,Hünärmen
2042,6. Bilim we pedagogika (mugallymçylyk) ylymlary,1580.1459920586371,Bakalawr
2042,6. Bilim we pedagogika (mugallymçylyk) ylymlary,1273.550501062185,Hünärmen
2042,7. Ynsanperwer ylymlar,215.98224871814836,Bakalawr
2042,7. Ynsanperwer ylymlar,1607.4540924712767,Hünärmen
2042,8. Sungat we medeniýet,353.76402807282915,Bakalawr
2042,8. Sungat we medeniýet,367.4180782791489,Hünärmen
