University,Year,Partner Country Code,Partner University Code
TDU,2007,KAZ,KA7
TDU,2008,KAZ,KA7
TDU,2009,KAZ,KA7
TDU,2010,KAZ,KA7
TDU,2011,KAZ,KA7
TDU,2012,KAZ,KA7
TDU,2013,KAZ,KA7
TDU,2013,BLR,B14
TDU,2014,KAZ,KA7
TDU,2014,BLR,B14
TDU,2014,TJK,TJ3
TDU,2015,KAZ,KA7
TDU,2015,BLR,B14
TDU,2015,TJK,TJ3
TDU,2016,KAZ,KA7
TDU,2016,BLR,B14
TDU,2016,TJK,TJ3
TDU,2016,PAK,P4
TDU,2016,CHN,C7
TDU,2017,KAZ,KA7
TDU,2017,BLR,B14
TDU,2017,TJK,TJ3
TDU,2017,PAK,P4
TDU,2017,CHN,C7
TDU,2017,AFG,AF2
TDU,2017,ARM,AR4
TDU,2018,KAZ,KA7
TDU,2018,BLR,B14
TDU,2018,TJK,TJ3
TDU,2018,PAK,P4
TDU,2018,CHN,C7
TDU,2018,AFG,AF2
TDU,2018,ARM,AR4
TDU,2018,RUS,RU17
TDU,2019,KAZ,KA7
TDU,2019,BLR,B14
TDU,2019,TJK,TJ3
TDU,2019,PAK,P4
TDU,2019,CHN,C7
TDU,2019,AFG,AF2
TDU,2019,ARM,AR4
TDU,2019,RUS,RU17
TDU,2019,KOR,K9
TDU,2020,KAZ,KA7
TDU,2020,BLR,B14
TDU,2020,TJK,TJ3
TDU,2020,PAK,P4
TDU,2020,CHN,C7
TDU,2020,AFG,AF2
TDU,2020,ARM,AR4
TDU,2020,RUS,RU17
TDU,2020,KOR,K9
TDU,2020,AZE,AZ2
TDU,2021,KAZ,KA7
TDU,2021,BLR,B14
TDU,2021,TJK,TJ3
TDU,2021,PAK,P4
TDU,2021,CHN,C7
TDU,2021,AFG,AF2
TDU,2021,ARM,AR4
TDU,2021,RUS,RU17
TDU,2021,KOR,K9
TDU,2021,AZE,AZ2
TDU,2022,KAZ,KA7
TDU,2022,BLR,B14
TDU,2022,TJK,TJ3
TDU,2022,PAK,P4
TDU,2022,CHN,C7
TDU,2022,AFG,AF2
TDU,2022,ARM,AR4
TDU,2022,RUS,RU17
TDU,2022,RUS,RU1
TDU,2022,KOR,K9
TDU,2022,AZE,AZ2
TDU,2023,KAZ,KA7
TDU,2023,BLR,B14
TDU,2023,TJK,TJ3
TDU,2023,PAK,P4
TDU,2023,CHN,C7
TDU,2023,CHN,C8
TDU,2023,AFG,AF2
TDU,2023,ARM,AR4
TDU,2023,RUS,RU17
TDU,2023,RUS,RU1
TDU,2023,KOR,K9
TDU,2023,AZE,AZ2
TDU,2024,KAZ,KA7
TDU,2024,BLR,B14
TDU,2024,TJK,TJ3
TDU,2024,PAK,P4
TDU,2024,CHN,C7
TDU,2024,CHN,C8
TDU,2024,AFG,AF2
TDU,2024,ARM,AR4
TDU,2024,RUS,RU17
TDU,2024,RUS,RU1
TDU,2024,KOR,K9
TDU,2024,AZE,AZ2
TDU,2024,ITA,I8
TDU,2025,KAZ,KA7
TDU,2025,BLR,B14
TDU,2025,TJK,TJ3
TDU,2025,PAK,P4
TDU,2025,CHN,C7
TDU,2025,CHN,C8
TDU,2025,AFG,AF2
TDU,2025,ARM,AR4
TDU,2025,RUS,RU1
TDU,2025,RUS,RU1
TDU,2025,AZE,AZ2
TDU,2025,ITA,I8
HNGU,2007,,
HNGU,2008,,
HNGU,2009,,
HNGU,2010,,
HNGU,2011,,
HNGU,2012,,
HNGU,2013,,
HNGU,2014,,
HNGU,2015,BLR,B2
HNGU,2016,BLR,B2
HNGU,2017,DEU,D1
HNGU,2017,BLR,B2
HNGU,2018,ROU,R4
HNGU,2018,RUS,RU2
HNGU,2018,BLR,B1
HNGU,2018,BLR,B2
HNGU,2018,DEU,D1
HNGU,2019,UZB,U1
HNGU,2019,ROU,R4
HNGU,2019,RUS,RU2
HNGU,2019,BLR,B1
HNGU,2019,BLR,B2
HNGU,2019,DEU,D1
HNGU,2020,AUT,AU2
HNGU,2020,KOR,K3
HNGU,2020,MYS,M2
HNGU,2020,ITA,I4
HNGU,2020,UZB,U1
HNGU,2020,ROU,R4
HNGU,2020,RUS,RU2
HNGU,2020,BLR,B1
HNGU,2020,DEU,D1
HNGU,2021,AUT,AU2
HNGU,2021,KOR,K3
HNGU,2021,MYS,M2
HNGU,2021,ITA,I4
HNGU,2021,UZB,U1
HNGU,2021,ROU,R4
HNGU,2021,RUS,RU2
HNGU,2021,BLR,B1
HNGU,2021,DEU,D1
HNGU,2022,AUT,AU2
HNGU,2022,KOR,K3
HNGU,2022,MYS,M2
HNGU,2022,ITA,I4
HNGU,2022,UZB,U1
HNGU,2022,ROU,R4
HNGU,2022,RUS,RU2
HNGU,2022,BLR,B1
HNGU,2022,DEU,D1
HNGU,2023,ARE,AR1
HNGU,2023,AUT,AU2
HNGU,2023,KOR,K3
HNGU,2023,MYS,M2
HNGU,2023,ITA,I4
HNGU,2023,UZB,U1
HNGU,2023,ROU,R4
HNGU,2023,RUS,RU2
HNGU,2023,BLR,B1
HNGU,2023,BLR,B2
HNGU,2023,DEU,D1
HNGU,2024,CHN,C2
HNGU,2024,CHN,C3
HNGU,2024,CHN,C4
HNGU,2024,ARE,AR1
HNGU,2024,AUT,AU2
HNGU,2024,KOR,K3
HNGU,2024,MYS,M2
HNGU,2024,ITA,I4
HNGU,2024,UZB,U1
HNGU,2024,ROU,R4
HNGU,2024,RUS,RU2
HNGU,2024,BLR,B1
HNGU,2024,BLR,B2
HNGU,2024,DEU,D1
HNGU,2025,CHN,C2
HNGU,2025,CHN,C3
HNGU,2025,CHN,C4
HNGU,2025,ARE,AR1
HNGU,2025,AUT,AU2
HNGU,2025,KOR,K3
HNGU,2025,MYS,M2
HNGU,2025,ITA,I4
HNGU,2025,UZB,U1
HNGU,2025,ROU,R4
HNGU,2025,RUS,RU2
HNGU,2025,BLR,B1
HNGU,2025,BLR,B2
HNGU,2025,DEU,D1
HYYÖU,2007,,
HYYÖU,2008,,
HYYÖU,2009,,
HYYÖU,2010,,
HYYÖU,2011,,
HYYÖU,2012,,
HYYÖU,2013,,
HYYÖU,2014,,
HYYÖU,2015,,
HYYÖU,2016,ABS,A1
HYYÖU,2016,KOR,K1
HYYÖU,2016,JPN,J1
HYYÖU,2017,ABS,A1
HYYÖU,2017,KOR,K1
HYYÖU,2017,JPN,J1
HYYÖU,2017,PAK,P1
HYYÖU,2017,MYS,M1
HYYÖU,2018,ABS,A1
HYYÖU,2018,KOR,K1
HYYÖU,2018,JPN,J1
HYYÖU,2018,PAK,P1
HYYÖU,2018,MYS,M1
HYYÖU,2018,AUT,AU1
HYYÖU,2019,ABS,A1
HYYÖU,2019,KOR,K1
HYYÖU,2019,JPN,J1
HYYÖU,2019,PAK,P1
HYYÖU,2019,MYS,M1
HYYÖU,2019,AUT,AU1
HYYÖU,2019,ROU,R1
HYYÖU,2019,AZE,AZ1
HYYÖU,2020,ABS,A1
HYYÖU,2020,KOR,K1
HYYÖU,2020,KOR,K2
HYYÖU,2020,JPN,J1
HYYÖU,2020,PAK,P1
HYYÖU,2020,MYS,M1
HYYÖU,2020,AUT,AU1
HYYÖU,2020,ROU,R1
HYYÖU,2020,AZE,AZ1
HYYÖU,2021,ABS,A1
HYYÖU,2021,KOR,K1
HYYÖU,2021,KOR,K2
HYYÖU,2021,JPN,J1
HYYÖU,2021,PAK,P1
HYYÖU,2021,MYS,M1
HYYÖU,2021,AUT,AU1
HYYÖU,2021,ROU,R1
HYYÖU,2021,ROU,R2
HYYÖU,2021,ROU,R3
HYYÖU,2021,AZE,AZ1
HYYÖU,2021,KAZ,KA1
HYYÖU,2022,ABS,A1
HYYÖU,2022,KOR,K1
HYYÖU,2022,KOR,K2
HYYÖU,2022,JPN,J1
HYYÖU,2022,PAK,P1
HYYÖU,2022,MYS,M1
HYYÖU,2022,AUT,AU1
HYYÖU,2022,ROU,R1
HYYÖU,2022,ROU,R2
HYYÖU,2022,ROU,R3
HYYÖU,2022,AZE,AZ1
HYYÖU,2022,KAZ,KA1
HYYÖU,2023,ABS,A1
HYYÖU,2023,KOR,K1
HYYÖU,2023,KOR,K2
HYYÖU,2023,JPN,J1
HYYÖU,2023,PAK,P1
HYYÖU,2023,MYS,M1
HYYÖU,2023,AUT,AU1
HYYÖU,2023,ROU,R1
HYYÖU,2023,ROU,R2
HYYÖU,2023,ROU,R3
HYYÖU,2023,AZE,AZ1
HYYÖU,2023,KAZ,KA1
HYYÖU,2024,ABS,A1
HYYÖU,2024,ABS,A2
HYYÖU,2024,KOR,K1
HYYÖU,2024,KOR,K2
HYYÖU,2024,JPN,J1
HYYÖU,2024,PAK,P1
HYYÖU,2024,MYS,M1
HYYÖU,2024,AUT,AU1
HYYÖU,2024,ROU,R1
HYYÖU,2024,ROU,R2
HYYÖU,2024,ROU,R3
HYYÖU,2024,AZE,AZ1
HYYÖU,2024,KAZ,KA1
HYYÖU,2024,RUS,RU1
HYYÖU,2024,CHN,C1
HYYÖU,2024,ITA,I1
HYYÖU,2025,ABS,A1
HYYÖU,2025,ABS,A2
HYYÖU,2025,KOR,K1
HYYÖU,2025,KOR,K2
HYYÖU,2025,JPN,J1
HYYÖU,2025,PAK,P1
HYYÖU,2025,MYS,M1
HYYÖU,2025,AUT,AU1
HYYÖU,2025,ROU,R1
HYYÖU,2025,ROU,R2
HYYÖU,2025,ROU,R3
HYYÖU,2025,AZE,AZ1
HYYÖU,2025,KAZ,KA1
HYYÖU,2025,RUS,RU1
HYYÖU,2025,CHN,C1
HYYÖU,2025,ITA,I1
TITU,2007,,
TITU,2008,,
TITU,2009,,
TITU,2010,,
TITU,2011,,
TITU,2012,,
TITU,2013,,
TITU,2014,,
TITU,2015,,
TITU,2016,JPN,J2
TITU,2017,JPN,J2
TITU,2017,UZB,U5
TITU,2018,JPN,J2
TITU,2018,UZB,U5
TITU,2019,JPN,J2
TITU,2019,UZB,U5
TITU,2019,ROU,R6
TITU,2019,KOR,K3
TITU,2020,UZB,U5
TITU,2020,ROU,R6
TITU,2020,KOR,K3
TITU,2021,UZB,U5
TITU,2021,ROU,R6
TITU,2021,KOR,K3
TITU,2022,UZB,U5
TITU,2022,ROU,R6
TITU,2022,KOR,K3
TITU,2023,ROU,R6
TITU,2023,KOR,K3
TITU,2023,JPN,J2
TITU,2023,TUR,TR1
TITU,2025,,
TOHU,2007,,
TOHU,2008,,
TOHU,2009,,
TOHU,2010,BLR,B8
TOHU,2011,BLR,B8
TOHU,2012,BLR,B8
TOHU,2013,BLR,B8
TOHU,2014,BLR,B8
TOHU,2015,BLR,B8
TOHU,2015,UKR,UK1
TOHU,2015,UKR,UK2
TOHU,2016,BLR,B8
TOHU,2016,BLR,B9
TOHU,2016,UKR,UK1
TOHU,2016,UKR,UK2
TOHU,2017,BLR,B8
TOHU,2017,BLR,B9
TOHU,2017,UKR,UK1
TOHU,2017,UKR,UK2
TOHU,2017,ARM,AR1
TOHU,2017,ROU,R7
TOHU,2018,BLR,B8
TOHU,2018,BLR,B9
TOHU,2018,UKR,UK1
TOHU,2018,UKR,UK2
TOHU,2018,ARM,AR1
TOHU,2018,ROU,R7
TOHU,2018,ROU,R8
TOHU,2018,IRN,IR2
TOHU,2018,UZB,U7
TOHU,2018,UZB,U8
TOHU,2019,BLR,B8
TOHU,2019,BLR,B9
TOHU,2019,UKR,UK1
TOHU,2019,UKR,UK2
TOHU,2019,ARM,AR1
TOHU,2019,ROU,R7
TOHU,2019,ROU,R8
TOHU,2019,IRN,IR2
TOHU,2019,UZB,U7
TOHU,2019,UZB,U8
TOHU,2020,BLR,B8
TOHU,2020,BLR,B9
TOHU,2020,UKR,UK1
TOHU,2020,UKR,UK2
TOHU,2020,ARM,AR1
TOHU,2020,ROU,R7
TOHU,2020,ROU,R8
TOHU,2020,IRN,IR2
TOHU,2020,UZB,U7
TOHU,2020,UZB,U8
TOHU,2020,HUN,H2
TOHU,2021,BLR,B8
TOHU,2021,BLR,B9
TOHU,2021,UKR,UK1
TOHU,2021,UKR,UK2
TOHU,2021,ARM,AR1
TOHU,2021,ROU,R7
TOHU,2021,ROU,R8
TOHU,2021,IRN,IR2
TOHU,2021,UZB,U7
TOHU,2021,UZB,U8
TOHU,2021,HUN,H2
TOHU,2022,BLR,B8
TOHU,2022,BLR,B9
TOHU,2022,UKR,UK1
TOHU,2022,UKR,UK2
TOHU,2022,ARM,AR1
TOHU,2022,ROU,R7
TOHU,2022,ROU,R8
TOHU,2022,IRN,IR2
TOHU,2022,UZB,U7
TOHU,2022,UZB,U8
TOHU,2022,HUN,H2
TOHU,2023,BLR,B8
TOHU,2023,BLR,B9
TOHU,2023,UKR,UK1
TOHU,2023,UKR,UK2
TOHU,2023,ARM,AR1
TOHU,2023,ROU,R7
TOHU,2023,ROU,R8
TOHU,2023,IRN,IR2
TOHU,2023,IRN,IR4
TOHU,2023,UZB,U7
TOHU,2023,UZB,U8
TOHU,2023,HUN,H2
TOHU,2023,RUS,RU1
TOHU,2024,BLR,B8
TOHU,2024,BLR,B9
TOHU,2024,UKR,UK1
TOHU,2024,UKR,UK2
TOHU,2024,ARM,AR1
TOHU,2024,ROU,R7
TOHU,2024,ROU,R8
TOHU,2024,IRN,IR2
TOHU,2024,IRN,IR4
TOHU,2024,UZB,U7
TOHU,2024,UZB,U8
TOHU,2024,HUN,H2
TOHU,2024,RUS,RU1
TOHU,2025,,
TMDDI,2007,,
TMDDI,2008,,
TMDDI,2009,,
TMDDI,2010,,
TMDDI,2011,,
TMDDI,2012,,
TMDDI,2013,JPN,J2
TMDDI,2014,JPN,J2
TMDDI,2015,JPN,J2
TMDDI,2016,JPN,J2
TMDDI,2016,DEU,D3
TMDDI,2017,JPN,J2
TMDDI,2017,DEU,D3
TMDDI,2018,JPN,J2
TMDDI,2018,DEU,D3
TMDDI,2018,UZB,U4
TMDDI,2018,IRN,IR2
TMDDI,2019,KOR,K5
TMDDI,2019,DEU,D3
TMDDI,2019,UZB,U4
TMDDI,2019,IRN,IR2
TMDDI,2020,KOR,K5
TMDDI,2020,DEU,D3
TMDDI,2020,UZB,U4
TMDDI,2020,IRN,IR2
TMDDI,2021,KOR,K5
TMDDI,2021,DEU,D3
TMDDI,2021,UZB,U4
TMDDI,2021,IRN,IR2
TMDDI,2022,KOR,K5
TMDDI,2022,DEU,D3
TMDDI,2022,UZB,U4
TMDDI,2022,IRN,IR2
TMDDI,2022,JPN,J2
TMDDI,2023,KOR,K5
TMDDI,2023,DEU,D3
TMDDI,2023,UZB,U4
TMDDI,2023,IRN,IR2
TMDDI,2023,JPN,J2
TMDDI,2024,KOR,K5
TMDDI,2024,DEU,D3
TMDDI,2024,UZB,U4
TMDDI,2024,IRN,IR2
TMDDI,2024,JPN,J2
TMDDI,2024,RUS,RU8
TMDDI,2025,,
TDMal,2007,,
TDMal,2008,,
TDMal,2009,,
TDMal,2010,,
TDMal,2011,,
TDMal,2012,,
TDMal,2013,,
TDMal,2014,,
TDMal,2015,,
TDMal,2016,,
TDMal,2017,,
TDMal,2018,UZB,U2
TDMal,2019,UZB,U2
TDMal,2020,UZB,U2
TDMal,2021,UZB,U2
TDMal,2022,UZB,U2
TDMal,2023,UZB,U2
TDMal,2024,,
TDMal,2025,,
TDBGI,2007,,
TDBGI,2008,,
TDBGI,2009,,
TDBGI,2010,,
TDBGI,2011,,
TDBGI,2012,,
TDBGI,2013,,
TDBGI,2014,BLR,B3
TDBGI,2015,BLR,B3
TDBGI,2015,DEU,D2
TDBGI,2016,BLR,B3
TDBGI,2016,DEU,D2
TDBGI,2017,BLR,B3
TDBGI,2017,DEU,D2
TDBGI,2017,RUS,RU3
TDBGI,2018,BLR,B3
TDBGI,2018,DEU,D2
TDBGI,2018,RUS,RU3
TDBGI,2018,ROU,R5
TDBGI,2019,BLR,B3
TDBGI,2019,DEU,D2
TDBGI,2019,RUS,RU3
TDBGI,2019,RUS,RU4
TDBGI,2019,ROU,R5
TDBGI,2019,ITA,I2
TDBGI,2020,BLR,B3
TDBGI,2020,DEU,D2
TDBGI,2020,RUS,RU3
TDBGI,2020,RUS,RU4
TDBGI,2020,ROU,R5
TDBGI,2020,ITA,I2
TDBGI,2021,BLR,B3
TDBGI,2021,DEU,D2
TDBGI,2021,RUS,RU3
TDBGI,2021,RUS,RU4
TDBGI,2021,ROU,R5
TDBGI,2021,ITA,I2
TDBGI,2021,KGZ,KG1
TDBGI,2022,BLR,B3
TDBGI,2022,DEU,D2
TDBGI,2022,RUS,RU3
TDBGI,2022,RUS,RU4
TDBGI,2022,ROU,R5
TDBGI,2022,ITA,I2
TDBGI,2022,KGZ,KG1
TDBGI,2023,BLR,B3
TDBGI,2023,DEU,D2
TDBGI,2023,RUS,RU3
TDBGI,2023,RUS,RU4
TDBGI,2023,ROU,R5
TDBGI,2023,ITA,I2
TDBGI,2023,KGZ,KG1
TDBGI,2024,BLR,B3
TDBGI,2024,DEU,D2
TDBGI,2024,RUS,RU3
TDBGI,2024,RUS,RU4
TDBGI,2024,ROU,R5
TDBGI,2024,ITA,I2
TDBGI,2024,ITA,I1
TDBGI,2024,KGZ,KG1
TDBGI,2024,ABS,A2
TDBGI,2025,,
HGI,2007,,
HGI,2008,,
HGI,2009,CRO,HR1
HGI,2010,CRO,HR1
HGI,2011,CRO,HR1
HGI,2012,CRO,HR1
HGI,2012,TUR,TR3
HGI,2012,SUI,SU1
HGI,2013,CRO,HR1
HGI,2013,TUR,TR3
HGI,2013,SUI,SU1
HGI,2013,UKR,UK3
HGI,2014,CRO,HR1
HGI,2014,TUR,TR3
HGI,2014,SUI,SU1
HGI,2014,UKR,UK3
HGI,2014,KGZ,KG2
HGI,2015,CRO,HR1
HGI,2015,TUR,TR3
HGI,2015,SUI,SU1
HGI,2015,UKR,UK3
HGI,2015,KGZ,KG2
HGI,2015,AFG,AF1
HGI,2015,IND,IN1
HGI,2015,UZB,U14
HGI,2015,PLE,PL1
HGI,2016,CRO,HR1
HGI,2016,TUR,TR3
HGI,2016,SUI,SU1
HGI,2016,UKR,UK3
HGI,2016,KGZ,KG2
HGI,2016,AFG,AF1
HGI,2016,IND,IN1
HGI,2016,UZB,U14
HGI,2016,PLE,PL1
HGI,2016,PAK,P1
HGI,2016,PAK,P2
HGI,2016,KSA,KS1
HGI,2016,RUS,RU16
HGI,2017,CRO,HR1
HGI,2017,TUR,TR3
HGI,2017,SUI,SU1
HGI,2017,UKR,UK3
HGI,2017,KGZ,KG2
HGI,2017,AFG,AF1
HGI,2017,IND,IN1
HGI,2017,UZB,U14
HGI,2017,PLE,PL1
HGI,2017,PAK,P1
HGI,2017,PAK,P2
HGI,2017,KSA,KS1
HGI,2017,RUS,RU16
HGI,2017,ROU,R11
HGI,2017,ARM,AR2
HGI,2018,CRO,HR1
HGI,2018,TUR,TR3
HGI,2018,SUI,SU1
HGI,2018,UKR,UK3
HGI,2018,KGZ,KG2
HGI,2018,AFG,AF1
HGI,2018,IND,IN1
HGI,2018,UZB,U14
HGI,2018,PLE,PL1
HGI,2018,PAK,P1
HGI,2018,PAK,P2
HGI,2018,KSA,KS1
HGI,2018,RUS,RU16
HGI,2018,ROU,R11
HGI,2018,ARM,AR2
HGI,2018,KUW,KU1
HGI,2018,IRN,IR5
HGI,2018,ARG,ARG1
HGI,2018,AZE,AZ1
HGI,2019,CRO,HR1
HGI,2019,TUR,TR3
HGI,2019,SUI,SU1
HGI,2019,UKR,UK3
HGI,2019,KGZ,KG2
HGI,2019,AFG,AF1
HGI,2019,IND,IN1
HGI,2019,UZB,U14
HGI,2019,PLE,PL1
HGI,2019,PAK,P1
HGI,2019,PAK,P2
HGI,2019,PAK,P3
HGI,2019,KSA,KS1
HGI,2019,RUS,RU16
HGI,2019,ROU,R11
HGI,2019,ARM,AR2
HGI,2019,KUW,KU1
HGI,2019,IRN,IR5
HGI,2019,ARG,ARG1
HGI,2019,AZE,AZ1
HGI,2019,TUN,TUN1
HGI,2019,KOR,K8
HGI,2019,MAR,MR1
HGI,2019,ITA,I7
HGI,2020,CRO,HR1
HGI,2020,TUR,TR3
HGI,2020,SUI,SU1
HGI,2020,UKR,UK3
HGI,2020,KGZ,KG2
HGI,2020,AFG,AF1
HGI,2020,IND,IN1
HGI,2020,UZB,U14
HGI,2020,PLE,PL1
HGI,2020,PAK,P1
HGI,2020,PAK,P2
HGI,2020,PAK,P3
HGI,2020,KSA,KS1
HGI,2020,RUS,RU16
HGI,2020,ROU,R11
HGI,2020,ARM,AR2
HGI,2020,KUW,KU1
HGI,2020,IRN,IR5
HGI,2020,ARG,ARG1
HGI,2020,AZE,AZ1
HGI,2020,TUN,TUN1
HGI,2020,KOR,K8
HGI,2020,MAR,MR1
HGI,2020,ITA,I7
HGI,2021,CRO,HR1
HGI,2021,TUR,TR3
HGI,2021,SUI,SU1
HGI,2021,UKR,UK3
HGI,2021,KGZ,KG2
HGI,2021,AFG,AF1
HGI,2021,IND,IN1
HGI,2021,UZB,U14
HGI,2021,PLE,PL1
HGI,2021,PAK,P1
HGI,2021,PAK,P2
HGI,2021,PAK,P3
HGI,2021,KSA,KS1
HGI,2021,RUS,RU16
HGI,2021,ROU,R11
HGI,2021,ARM,AR2
HGI,2021,KUW,KU1
HGI,2021,IRN,IR5
HGI,2021,ARG,ARG1
HGI,2021,AZE,AZ1
HGI,2021,TUN,TUN1
HGI,2021,KOR,K8
HGI,2021,MAR,MR1
HGI,2021,ITA,I7
HGI,2021,FRA,FR1
HGI,2021,KAZ,KA3
HGI,2022,CRO,HR1
HGI,2022,TUR,TR3
HGI,2022,SUI,SU1
HGI,2022,UKR,UK3
HGI,2022,KGZ,KG2
HGI,2022,AFG,AF1
HGI,2022,IND,IN1
HGI,2022,UZB,U14
HGI,2022,UZB,U15
HGI,2022,PLE,PL1
HGI,2022,PAK,P1
HGI,2022,PAK,P2
HGI,2022,PAK,P3
HGI,2022,KSA,KS1
HGI,2022,RUS,RU16
HGI,2022,ROU,R11
HGI,2022,ARM,AR2
HGI,2022,ARM,AR2
HGI,2022,KUW,KU1
HGI,2022,IRN,IR5
HGI,2022,ARG,ARG1
HGI,2022,AZE,AZ1
HGI,2022,TUN,TUN1
HGI,2022,KOR,K8
HGI,2022,MAR,MR1
HGI,2022,ITA,I7
HGI,2022,FRA,FR1
HGI,2022,KAZ,KA3
HGI,2022,KAZ,KA4
HGI,2022,ARE,AR2
HGI,2022,ARE,AR2
HGI,2022,BAH,BH1
HGI,2022,TJK,TJ1
HGI,2023,CRO,HR1
HGI,2023,TUR,TR3
HGI,2023,SUI,SU1
HGI,2023,UKR,UK3
HGI,2023,KGZ,KG2
HGI,2023,AFG,AF1
HGI,2023,IND,IN1
HGI,2023,UZB,U14
HGI,2023,UZB,U15
HGI,2023,PLE,PL1
HGI,2023,PAK,P1
HGI,2023,PAK,P2
HGI,2023,PAK,P3
HGI,2023,KSA,KS1
HGI,2023,RUS,RU16
HGI,2023,RUS,RU7
HGI,2023,RUS,RU12
HGI,2023,ROU,R11
HGI,2023,ARM,AR2
HGI,2023,ARM,AR2
HGI,2023,KUW,KU1
HGI,2023,IRN,IR5
HGI,2023,ARG,ARG1
HGI,2023,AZE,AZ1
HGI,2023,TUN,TUN1
HGI,2023,KOR,K8
HGI,2023,MAR,MR1
HGI,2023,ITA,I7
HGI,2023,FRA,FR1
HGI,2023,KAZ,KA3
HGI,2023,KAZ,KA4
HGI,2023,ARE,AR2
HGI,2023,ARE,AR2
HGI,2023,BAH,BH1
HGI,2023,TJK,TJ1
HGI,2023,HUN,H3
HGI,2024,CRO,HR1
HGI,2024,TUR,TR3
HGI,2024,SUI,SU1
HGI,2024,UKR,UK3
HGI,2024,KGZ,KG2
HGI,2024,AFG,AF1
HGI,2024,IND,IN1
HGI,2024,UZB,U14
HGI,2024,UZB,U15
HGI,2024,PLE,PL1
HGI,2024,PAK,P1
HGI,2024,PAK,P2
HGI,2024,PAK,P3
HGI,2024,KSA,KS1
HGI,2024,RUS,RU16
HGI,2024,RUS,RU7
HGI,2024,RUS,RU12
HGI,2024,ROU,R11
HGI,2024,ARM,AR2
HGI,2024,ARM,AR2
HGI,2024,KUW,KU1
HGI,2024,IRN,IR5
HGI,2024,ARG,ARG1
HGI,2024,AZE,AZ1
HGI,2024,TUN,TUN1
HGI,2024,KOR,K8
HGI,2024,MAR,MR1
HGI,2024,ITA,I7
HGI,2024,FRA,FR1
HGI,2024,KAZ,KA3
HGI,2024,KAZ,KA4
HGI,2024,KAZ,KA5
HGI,2024,ARE,AR2
HGI,2024,ARE,AR2
HGI,2024,BAH,BH1
HGI,2024,TJK,TJ1
HGI,2024,TJK,TJ2
HGI,2024,HUN,H3
HGI,2024,JPN,J5
HGI,2024,SRB,SR1
HGI,2024,ABS,A2
HGI,2025,CRO,HR1
HGI,2025,TUR,TR3
HGI,2025,SUI,SU1
HGI,2025,UKR,UK3
HGI,2025,KGZ,KG2
HGI,2025,AFG,AF1
HGI,2025,IND,IN1
HGI,2025,UZB,U14
HGI,2025,UZB,U15
HGI,2025,PLE,PL1
HGI,2025,PAK,P1
HGI,2025,PAK,P2
HGI,2025,PAK,P3
HGI,2025,KSA,KS1
HGI,2025,RUS,RU16
HGI,2025,RUS,RU7
HGI,2025,RUS,RU12
HGI,2025,ROU,R11
HGI,2025,ARM,AR2
HGI,2025,ARM,AR2
HGI,2025,KUW,KU1
HGI,2025,IRN,IR5
HGI,2025,ARG,ARG1
HGI,2025,AZE,AZ1
HGI,2025,TUN,TUN1
HGI,2025,KOR,K8
HGI,2025,MAR,MR1
HGI,2025,ITA,I7
HGI,2025,FRA,FR1
HGI,2025,KAZ,KA3
HGI,2025,KAZ,KA4
HGI,2025,KAZ,KA5
HGI,2025,ARE,AR2
HGI,2025,ARE,AR2
HGI,2025,BAH,BH1
HGI,2025,TJK,TJ1
HGI,2025,TJK,TJ2
HGI,2025,HUN,H3
HGI,2025,JPN,J5
HGI,2025,SRB,SR1
HGI,2025,ABS,A2
TDYDI,2007,,
TDYDI,2008,,
TDYDI,2009,,
TDYDI,2010,,
TDYDI,2011,,
TDYDI,2012,,
TDYDI,2013,,
TDYDI,2014,,
TDYDI,2015,BLR,B5
TDYDI,2016,BLR,B5
TDYDI,2017,BLR,B5
TDYDI,2017,PAK,P2
TDYDI,2018,BLR,B5
TDYDI,2018,BLR,B6
TDYDI,2018,BLR,B7
TDYDI,2018,PAK,P2
TDYDI,2019,BLR,B5
TDYDI,2019,BLR,B6
TDYDI,2019,BLR,B7
TDYDI,2019,PAK,P2
TDYDI,2019,ROU,R9
TDYDI,2019,ROU,R10
TDYDI,2019,UZB,U3
TDYDI,2020,BLR,B5
TDYDI,2020,BLR,B6
TDYDI,2020,BLR,B7
TDYDI,2020,PAK,P2
TDYDI,2020,ROU,R9
TDYDI,2020,ROU,R10
TDYDI,2020,UZB,U3
TDYDI,2020,RUS,RU7
TDYDI,2020,SGP,SG1
TDYDI,2021,BLR,B5
TDYDI,2021,BLR,B6
TDYDI,2021,BLR,B7
TDYDI,2021,PAK,P2
TDYDI,2021,ROU,R9
TDYDI,2021,ROU,R10
TDYDI,2021,UZB,U3
TDYDI,2021,RUS,RU7
TDYDI,2021,SGP,SG1
TDYDI,2022,BLR,B5
TDYDI,2022,BLR,B6
TDYDI,2022,BLR,B7
TDYDI,2022,PAK,P2
TDYDI,2022,ROU,R9
TDYDI,2022,ROU,R10
TDYDI,2022,UZB,U3
TDYDI,2022,RUS,RU7
TDYDI,2022,SGP,SG1
TDYDI,2023,BLR,B5
TDYDI,2023,BLR,B6
TDYDI,2023,PAK,P2
TDYDI,2023,ROU,R9
TDYDI,2023,ROU,R10
TDYDI,2023,UZB,U3
TDYDI,2023,RUS,RU7
TDYDI,2023,SGP,SG1
TDYDI,2024,BLR,B5
TDYDI,2024,BLR,B6
TDYDI,2024,PAK,P2
TDYDI,2024,ROU,R9
TDYDI,2024,UZB,U3
TDYDI,2024,RUS,RU7
TDYDI,2025,,
TTweII,2007,,
TTweII,2008,,
TTweII,2009,UKR,UK3
TTweII,2010,UKR,UK3
TTweII,2011,UKR,UK3
TTweII,2012,UKR,UK3
TTweII,2012,BLR,B14
TTweII,2013,UKR,UK3
TTweII,2013,BLR,B14
TTweII,2014,UKR,UK3
TTweII,2014,BLR,B4
TTweII,2014,BLR,B2
TTweII,2015,UKR,UK3
TTweII,2015,BLR,B4
TTweII,2015,BLR,B2
TTweII,2016,UKR,UK3
TTweII,2016,BLR,B4
TTweII,2016,BLR,B2
TTweII,2016,DEU,D1
TTweII,2016,MYS,M4
TTweII,2017,UKR,UK3
TTweII,2017,BLR,B4
TTweII,2017,BLR,B2
TTweII,2017,DEU,D1
TTweII,2017,MYS,M4
TTweII,2017,CHN,C7
TTweII,2018,UKR,UK3
TTweII,2018,BLR,B4
TTweII,2018,BLR,B2
TTweII,2018,DEU,D1
TTweII,2018,MYS,M4
TTweII,2018,CHN,C7
TTweII,2018,UZB,U14
TTweII,2019,UKR,UK3
TTweII,2019,BLR,B4
TTweII,2019,BLR,B2
TTweII,2019,DEU,D1
TTweII,2019,MYS,M4
TTweII,2019,CHN,C7
TTweII,2019,UZB,U14
TTweII,2019,ROU,R11
TTweII,2019,ROU,R12
TTweII,2019,ROU,R11
TTweII,2019,FRA,FR1
TTweII,2019,ITA,I6
TTweII,2020,UKR,UK3
TTweII,2020,BLR,B4
TTweII,2020,DEU,D1
TTweII,2020,MYS,M4
TTweII,2020,CHN,C7
TTweII,2020,UZB,U14
TTweII,2020,ROU,R11
TTweII,2020,ROU,R12
TTweII,2020,ROU,R11
TTweII,2020,FRA,FR1
TTweII,2020,ITA,I6
TTweII,2021,UKR,UK3
TTweII,2021,BLR,B4
TTweII,2021,DEU,D1
TTweII,2021,MYS,M4
TTweII,2021,CHN,C7
TTweII,2021,UZB,U14
TTweII,2021,ROU,R11
TTweII,2021,ROU,R12
TTweII,2021,ROU,R11
TTweII,2021,FRA,FR1
TTweII,2021,ITA,I6
TTweII,2022,UKR,UK3
TTweII,2022,BLR,B4
TTweII,2022,BLR,B2
TTweII,2022,DEU,D1
TTweII,2022,MYS,M4
TTweII,2022,CHN,C7
TTweII,2022,UZB,U14
TTweII,2022,ROU,R11
TTweII,2022,ROU,R12
TTweII,2022,ROU,R11
TTweII,2022,FRA,FR1
TTweII,2022,ITA,I6
TTweII,2023,UKR,UK3
TTweII,2023,BLR,B4
TTweII,2023,BLR,B2
TTweII,2023,DEU,D1
TTweII,2023,MYS,M4
TTweII,2023,CHN,C7
TTweII,2023,UZB,U14
TTweII,2023,ROU,R11
TTweII,2023,ROU,R12
TTweII,2023,ROU,R11
TTweII,2023,FRA,FR1
TTweII,2023,ITA,I6
TTweII,2024,UKR,UK3
TTweII,2024,BLR,B4
TTweII,2024,BLR,B2
TTweII,2024,DEU,D1
TTweII,2024,MYS,M4
TTweII,2024,CHN,C7
TTweII,2024,UZB,U14
TTweII,2024,ROU,R11
TTweII,2024,ROU,R12
TTweII,2024,ROU,R11
TTweII,2024,FRA,FR1
TTweII,2024,ITA,I6
TTweII,2025,,
TDLU,2007,,
TDLU,2008,,
TDLU,2009,,
TDLU,2010,,
TDLU,2011,,
TDLU,2012,BLR,B4
TDLU,2013,BLR,B4
TDLU,2014,BLR,B4
TDLU,2015,BLR,B4
TDLU,2015,CHN,C5
TDLU,2016,BLR,B4
TDLU,2016,CHN,C5
TDLU,2017,BLR,B4
TDLU,2017,CHN,C5
TDLU,2018,BLR,B4
TDLU,2018,CHN,C5
TDLU,2019,BLR,B4
TDLU,2019,CHN,C5
TDLU,2019,RUS,RU5
TDLU,2019,RUS,RU6
TDLU,2020,BLR,B4
TDLU,2020,CHN,C5
TDLU,2020,RUS,RU5
TDLU,2020,RUS,RU6
TDLU,2020,GEO,GE1
TDLU,2021,BLR,B4
TDLU,2021,CHN,C5
TDLU,2021,RUS,RU5
TDLU,2021,RUS,RU6
TDLU,2021,GEO,GE1
TDLU,2022,BLR,B4
TDLU,2022,CHN,C5
TDLU,2022,RUS,RU5
TDLU,2022,RUS,RU6
TDLU,2022,GEO,GE1
TDLU,2023,BLR,B4
TDLU,2023,CHN,C5
TDLU,2023,RUS,RU5
TDLU,2023,RUS,RU6
TDLU,2023,GEO,GE1
TDLU,2023,IRN,IR1
TDLU,2023,HUN,H1
TDLU,2024,BLR,B4
TDLU,2024,CHN,C5
TDLU,2024,RUS,RU5
TDLU,2024,RUS,RU6
TDLU,2024,GEO,GE1
TDLU,2024,IRN,IR1
TDLU,2024,HUN,H1
TDLU,2024,KOR,K4
TDLU,2025,BLR,B4
TDLU,2025,CHN,C5
TDLU,2025,RUS,RU5
TDLU,2025,RUS,RU6
TDLU,2025,GEO,GE1
TDLU,2025,IRN,IR1
TDLU,2025,HUN,H1
TDLU,2025,KOR,K4
TDBSI,2007,,
TDBSI,2008,,
TDBSI,2009,,
TDBSI,2010,,
TDBSI,2011,,
TDBSI,2012,,
TDBSI,2013,,
TDBSI,2014,ARM,AR3
TDBSI,2015,ARM,AR3
TDBSI,2016,MYS,M4
TDBSI,2016,ARM,AR3
TDBSI,2017,MYS,M4
TDBSI,2017,ARM,AR3
TDBSI,2018,MYS,M4
TDBSI,2018,ARM,AR3
TDBSI,2019,ROU,R12
TDBSI,2019,MYS,M4
TDBSI,2020,ROU,R12
TDBSI,2020,MYS,M4
TDBSI,2021,ROU,R12
TDBSI,2022,ROU,R12
TDBSI,2023,RUS,RU15
TDBSI,2023,ROU,R12
TDBSI,2024,RUS,RU15
TDBSI,2024,ROU,R12
TDBSI,2025,KAZ,KA6
TDMI,2007,,
TDMI,2008,,
TDMI,2009,,
TDMI,2010,,
TDMI,2011,,
TDMI,2012,,
TDMI,2013,,
TDMI,2014,,
TDMI,2015,,
TDMI,2016,,
TDMI,2017,,
TDMI,2018,,
TDMI,2019,KOR,K7
TDMI,2020,KOR,K7
TDMI,2021,KOR,K7
TDMI,2022,KOR,K7
TDMI,2023,KOR,K7
TDMI,2024,,
TDMI,2025,,
TMK,2007,,
TMK,2008,,
TMK,2009,,
TMK,2010,,
TMK,2011,,
TMK,2012,,
TMK,2013,,
TMK,2014,,
TMK,2015,,
TMK,2016,,
TMK,2017,,
TMK,2018,,
TMK,2019,,
TMK,2020,,
TMK,2021,,
TMK,2022,,
TMK,2023,,
TMK,2024,,
TMK,2025,,
TDÇA,2007,,
TDÇA,2008,,
TDÇA,2009,,
TDÇA,2010,,
TDÇA,2011,,
TDÇA,2012,,
TDÇA,2013,,
TDÇA,2014,,
TDÇA,2015,,
TDÇA,2016,,
TDÇA,2017,,
TDÇA,2018,,
TDÇA,2019,,
TDÇA,2020,,
TDÇA,2021,,
TDÇA,2022,,
TDÇA,2023,ITA,I5
TDÇA,2024,,
TDÇA,2025,,
TITUKI,2007,,
TITUKI,2008,,
TITUKI,2009,,
TITUKI,2010,,
TITUKI,2011,,
TITUKI,2012,,
TITUKI,2013,,
TITUKI,2014,,
TITUKI,2015,,
TITUKI,2016,,
TITUKI,2017,,
TITUKI,2018,,
TITUKI,2019,UZB,U6
TITUKI,2020,UZB,U8
TITUKI,2020,RUS,RU9
TITUKI,2021,UZB,U8
TITUKI,2021,RUS,RU9
TITUKI,2022,UZB,U8
TITUKI,2022,RUS,RU9
TITUKI,2022,RUS,RU10
TITUKI,2023,UZB,U8
TITUKI,2023,RUS,RU9
TITUKI,2023,RUS,RU10
TITUKI,2024,UZB,U8
TITUKI,2024,RUS,RU9
TITUKI,2024,RUS,RU10
TITUKI,2025,,
TOHI,2007,,
TOHI,2008,,
TOHI,2009,,
TOHI,2010,,
TOHI,2011,,
TOHI,2012,,
TOHI,2013,,
TOHI,2014,,
TOHI,2015,,
TOHI,2016,,
TOHI,2017,,
TOHI,2018,UZB,U7
TOHI,2018,UZB,U11
TOHI,2019,UZB,U7
TOHI,2019,UZB,U11
TOHI,2020,UZB,U7
TOHI,2020,UZB,U11
TOHI,2021,UZB,U7
TOHI,2021,UZB,U11
TOHI,2022,UZB,U7
TOHI,2022,UZB,U11
TOHI,2023,UZB,U7
TOHI,2023,UZB,U11
TOHI,2024,UZB,U7
TOHI,2024,UZB,U11
TOHI,2025,UZB,U7
TOHI,2025,UZB,U11
TOHI,2025,RUS,RU14
TDEI,2007,,
TDEI,2008,,
TDEI,2009,,
TDEI,2010,,
TDEI,2011,,
TDEI,2012,,
TDEI,2013,,
TDEI,2014,,
TDEI,2015,,
TDEI,2016,AUT,AU4
TDEI,2017,BLR,B13
TDEI,2018,AUT,AU4
TDEI,2018,BLR,B13
TDEI,2019,AUT,AU4
TDEI,2019,BLR,B13
TDEI,2019,UZB,U9
TDEI,2020,ITA,I6
TDEI,2020,KOR,K6
TDEI,2020,AUT,AU4
TDEI,2020,BLR,B13
TDEI,2020,UZB,U9
TDEI,2020,RUS,RU13
TDEI,2021,ITA,I6
TDEI,2021,KOR,K6
TDEI,2021,AUT,AU4
TDEI,2021,BLR,B13
TDEI,2021,UZB,U9
TDEI,2021,RUS,RU13
TDEI,2022,ITA,I6
TDEI,2022,KOR,K6
TDEI,2022,AUT,AU4
TDEI,2022,BLR,B13
TDEI,2022,UZB,U9
TDEI,2022,RUS,RU13
TDEI,2023,ITA,I6
TDEI,2023,KOR,K6
TDEI,2023,AUT,AU4
TDEI,2023,BLR,B13
TDEI,2023,UZB,U9
TDEI,2023,RUS,RU13
TDEI,2024,ITA,I6
TDEI,2024,KOR,K6
TDEI,2024,AUT,AU4
TDEI,2024,BLR,B12
TDEI,2024,BLR,B13
TDEI,2024,UZB,U9
TDEI,2024,RUS,RU13
TDEI,2025,,
SSTDMI,2007,,
SSTDMI,2008,,
SSTDMI,2009,,
SSTDMI,2010,,
SSTDMI,2011,,
SSTDMI,2012,,
SSTDMI,2013,,
SSTDMI,2014,,
SSTDMI,2015,,
SSTDMI,2016,,
SSTDMI,2017,UZB,U12
SSTDMI,2017,BLR,B7
SSTDMI,2018,UZB,U12
SSTDMI,2018,UZB,U13
SSTDMI,2018,BLR,B7
SSTDMI,2019,UZB,U12
SSTDMI,2019,UZB,U13
SSTDMI,2019,BLR,B7
SSTDMI,2020,UZB,U12
SSTDMI,2020,UZB,U13
SSTDMI,2020,BLR,B7
SSTDMI,2021,UZB,U12
SSTDMI,2021,UZB,U13
SSTDMI,2021,BLR,B7
SSTDMI,2022,UZB,U12
SSTDMI,2022,UZB,U13
SSTDMI,2022,BLR,B7
SSTDMI,2023,UZB,U12
SSTDMI,2023,UZB,U13
SSTDMI,2023,BLR,B7
SSTDMI,2024,UZB,U12
SSTDMI,2024,UZB,U13
SSTDMI,2024,BLR,B7
SSTDMI,2024,BLR,B11
SSTDMI,2025,UZB,U12
SSTDMI,2025,UZB,U13
SSTDMI,2025,BLR,B7
SSTDMI,2025,BLR,B11
HAA,2007,,
HAA,2008,,
HAA,2009,,
HAA,2010,,
HAA,2011,,
HAA,2012,,
HAA,2013,,
HAA,2014,,
HAA,2015,,
HAA,2016,,
HAA,2017,,
HAA,2018,,
HAA,2019,,
HAA,2020,,
HAA,2021,,
HAA,2022,,
HAA,2023,,
HAA,2024,,
HAA,2025,,
