,University,Talyp sany,Year,Hünärler
0.0,TDU,600.0,2007-2008,Hünärmen
0.0,HNGU,0.0,2007-2008,Hünärmen
0.0,HYYÖU,0.0,2007-2008,Hünärmen
0.0,TITU,0.0,2007-2008,Hünärmen
0.0,TOHU,395.0,2007-2008,Hünärmen
0.0,TMDDI,748.0,2007-2008,Hünärmen
0.0,TDMal,0.0,2007-2008,Hünärmen
0.0,TDBGI,601.0,2007-2008,Hünärmen
0.0,HGI,0.0,2007-2008,Hünärmen
0.0,TDYDI,300.0,2007-2008,Hünärmen
0.0,TTII,1008.0,2007-2008,Hünärmen
0.0,TDLU,280.0,2007-2008,Hünärmen
0.0,TDBSI,150.0,2007-2008,Hünärmen
0.0,TDMI,70.0,2007-2008,Hünärmen
0.0,TMK,353.0,2007-2008,Hünärmen
0.0,TDÇA,250.0,2007-2008,Hünärmen
0.0,TITUKI,0.0,2007-2008,Hünärmen
0.0,TOHI,0.0,2007-2008,Hünärmen
0.0,TDEI,739.0,2007-2008,Hünärmen
0.0,SSTDMI,659.0,2007-2008,Hünärmen
0.0,HAA,0.0,2007-2008,Hünärmen
0.0,TDU,0.0,2007-2008,Bakalawr
0.0,HNGU,0.0,2007-2008,Bakalawr
0.0,HYYÖU,0.0,2007-2008,Bakalawr
0.0,TITU,0.0,2007-2008,Bakalawr
0.0,TOHU,0.0,2007-2008,Bakalawr
0.0,TMDDI,0.0,2007-2008,Bakalawr
0.0,TDMal,0.0,2007-2008,Bakalawr
0.0,TDBGI,0.0,2007-2008,Bakalawr
0.0,HGI,0.0,2007-2008,Bakalawr
0.0,TDYDI,0.0,2007-2008,Bakalawr
0.0,TTII,0.0,2007-2008,Bakalawr
0.0,TDLU,0.0,2007-2008,Bakalawr
0.0,TDBSI,0.0,2007-2008,Bakalawr
0.0,TDMI,0.0,2007-2008,Bakalawr
0.0,TMK,0.0,2007-2008,Bakalawr
0.0,TDÇA,0.0,2007-2008,Bakalawr
0.0,TITUKI,0.0,2007-2008,Bakalawr
0.0,TOHI,0.0,2007-2008,Bakalawr
0.0,TDEI,0.0,2007-2008,Bakalawr
0.0,SSTDMI,0.0,2007-2008,Bakalawr
0.0,HAA,0.0,2007-2008,Bakalawr
0.0,TDU,0.0,2007-2008,Magistr
0.0,HNGU,0.0,2007-2008,Magistr
0.0,HYYÖU,0.0,2007-2008,Magistr
0.0,TITU,0.0,2007-2008,Magistr
0.0,TOHU,0.0,2007-2008,Magistr
0.0,TMDDI,0.0,2007-2008,Magistr
0.0,TDMal,0.0,2007-2008,Magistr
0.0,TDBGI,0.0,2007-2008,Magistr
0.0,HGI,0.0,2007-2008,Magistr
0.0,TDYDI,0.0,2007-2008,Magistr
0.0,TTII,0.0,2007-2008,Magistr
0.0,TDLU,0.0,2007-2008,Magistr
0.0,TDBSI,0.0,2007-2008,Magistr
0.0,TDMI,0.0,2007-2008,Magistr
0.0,TMK,0.0,2007-2008,Magistr
0.0,TDÇA,0.0,2007-2008,Magistr
0.0,TITUKI,0.0,2007-2008,Magistr
0.0,TOHI,0.0,2007-2008,Magistr
0.0,TDEI,0.0,2007-2008,Magistr
0.0,SSTDMI,0.0,2007-2008,Magistr
0.0,HAA,0.0,2007-2008,Magistr
0.0,TDU,627.0,2008-2009,Hünärmen
0.0,HNGU,0.0,2008-2009,Hünärmen
0.0,HYYÖU,0.0,2008-2009,Hünärmen
0.0,TITU,0.0,2008-2009,Hünärmen
0.0,TOHU,430.0,2008-2009,Hünärmen
0.0,TMDDI,975.0,2008-2009,Hünärmen
0.0,TDMal,0.0,2008-2009,Hünärmen
0.0,TDBGI,631.0,2008-2009,Hünärmen
0.0,HGI,198.0,2008-2009,Hünärmen
0.0,TDYDI,320.0,2008-2009,Hünärmen
0.0,TTII,1368.0,2008-2009,Hünärmen
0.0,TDLU,310.0,2008-2009,Hünärmen
0.0,TDBSI,180.0,2008-2009,Hünärmen
0.0,TDMI,100.0,2008-2009,Hünärmen
0.0,TMK,379.0,2008-2009,Hünärmen
0.0,TDÇA,262.0,2008-2009,Hünärmen
0.0,TITUKI,0.0,2008-2009,Hünärmen
0.0,TOHI,0.0,2008-2009,Hünärmen
0.0,TDEI,941.0,2008-2009,Hünärmen
0.0,SSTDMI,841.0,2008-2009,Hünärmen
0.0,HAA,0.0,2008-2009,Hünärmen
0.0,TDU,0.0,2008-2009,Bakalawr
0.0,HNGU,0.0,2008-2009,Bakalawr
0.0,HYYÖU,0.0,2008-2009,Bakalawr
0.0,TITU,0.0,2008-2009,Bakalawr
0.0,TOHU,0.0,2008-2009,Bakalawr
0.0,TMDDI,0.0,2008-2009,Bakalawr
0.0,TDMal,0.0,2008-2009,Bakalawr
0.0,TDBGI,0.0,2008-2009,Bakalawr
0.0,HGI,0.0,2008-2009,Bakalawr
0.0,TDYDI,0.0,2008-2009,Bakalawr
0.0,TTII,0.0,2008-2009,Bakalawr
0.0,TDLU,0.0,2008-2009,Bakalawr
0.0,TDBSI,0.0,2008-2009,Bakalawr
0.0,TDMI,0.0,2008-2009,Bakalawr
0.0,TMK,0.0,2008-2009,Bakalawr
0.0,TDÇA,0.0,2008-2009,Bakalawr
0.0,TITUKI,0.0,2008-2009,Bakalawr
0.0,TOHI,0.0,2008-2009,Bakalawr
0.0,TDEI,0.0,2008-2009,Bakalawr
0.0,SSTDMI,0.0,2008-2009,Bakalawr
0.0,HAA,0.0,2008-2009,Bakalawr
0.0,TDU,0.0,2008-2009,Magistr
0.0,HNGU,0.0,2008-2009,Magistr
0.0,HYYÖU,0.0,2008-2009,Magistr
0.0,TITU,0.0,2008-2009,Magistr
0.0,TOHU,0.0,2008-2009,Magistr
0.0,TMDDI,0.0,2008-2009,Magistr
0.0,TDMal,0.0,2008-2009,Magistr
0.0,TDBGI,0.0,2008-2009,Magistr
0.0,HGI,0.0,2008-2009,Magistr
0.0,TDYDI,0.0,2008-2009,Magistr
0.0,TTII,0.0,2008-2009,Magistr
0.0,TDLU,0.0,2008-2009,Magistr
0.0,TDBSI,0.0,2008-2009,Magistr
0.0,TDMI,0.0,2008-2009,Magistr
0.0,TMK,0.0,2008-2009,Magistr
0.0,TDÇA,0.0,2008-2009,Magistr
0.0,TITUKI,0.0,2008-2009,Magistr
0.0,TOHI,0.0,2008-2009,Magistr
0.0,TDEI,0.0,2008-2009,Magistr
0.0,SSTDMI,0.0,2008-2009,Magistr
0.0,HAA,0.0,2008-2009,Magistr
0.0,TDU,615.0,2009-2010,Hünärmen
0.0,HNGU,0.0,2009-2010,Hünärmen
0.0,HYYÖU,0.0,2009-2010,Hünärmen
0.0,TITU,0.0,2009-2010,Hünärmen
0.0,TOHU,430.0,2009-2010,Hünärmen
0.0,TMDDI,1054.0,2009-2010,Hünärmen
0.0,TDMal,0.0,2009-2010,Hünärmen
0.0,TDBGI,633.0,2009-2010,Hünärmen
0.0,HGI,223.0,2009-2010,Hünärmen
0.0,TDYDI,320.0,2009-2010,Hünärmen
0.0,TTII,1505.0,2009-2010,Hünärmen
0.0,TDLU,310.0,2009-2010,Hünärmen
0.0,TDBSI,180.0,2009-2010,Hünärmen
0.0,TDMI,100.0,2009-2010,Hünärmen
0.0,TMK,389.0,2009-2010,Hünärmen
0.0,TDÇA,280.0,2009-2010,Hünärmen
0.0,TITUKI,0.0,2009-2010,Hünärmen
0.0,TOHI,0.0,2009-2010,Hünärmen
0.0,TDEI,950.0,2009-2010,Hünärmen
0.0,SSTDMI,859.0,2009-2010,Hünärmen
0.0,HAA,0.0,2009-2010,Hünärmen
0.0,TDU,0.0,2009-2010,Bakalawr
0.0,HNGU,0.0,2009-2010,Bakalawr
0.0,HYYÖU,0.0,2009-2010,Bakalawr
0.0,TITU,0.0,2009-2010,Bakalawr
0.0,TOHU,0.0,2009-2010,Bakalawr
0.0,TMDDI,0.0,2009-2010,Bakalawr
0.0,TDMal,0.0,2009-2010,Bakalawr
0.0,TDBGI,0.0,2009-2010,Bakalawr
0.0,HGI,0.0,2009-2010,Bakalawr
0.0,TDYDI,0.0,2009-2010,Bakalawr
0.0,TTII,0.0,2009-2010,Bakalawr
0.0,TDLU,0.0,2009-2010,Bakalawr
0.0,TDBSI,0.0,2009-2010,Bakalawr
0.0,TDMI,0.0,2009-2010,Bakalawr
0.0,TMK,0.0,2009-2010,Bakalawr
0.0,TDÇA,0.0,2009-2010,Bakalawr
0.0,TITUKI,0.0,2009-2010,Bakalawr
0.0,TOHI,0.0,2009-2010,Bakalawr
0.0,TDEI,0.0,2009-2010,Bakalawr
0.0,SSTDMI,0.0,2009-2010,Bakalawr
0.0,HAA,0.0,2009-2010,Bakalawr
0.0,TDU,0.0,2009-2010,Magistr
0.0,HNGU,0.0,2009-2010,Magistr
0.0,HYYÖU,0.0,2009-2010,Magistr
0.0,TITU,0.0,2009-2010,Magistr
0.0,TOHU,0.0,2009-2010,Magistr
0.0,TMDDI,0.0,2009-2010,Magistr
0.0,TDMal,0.0,2009-2010,Magistr
0.0,TDBGI,0.0,2009-2010,Magistr
0.0,HGI,0.0,2009-2010,Magistr
0.0,TDYDI,0.0,2009-2010,Magistr
0.0,TTII,0.0,2009-2010,Magistr
0.0,TDLU,0.0,2009-2010,Magistr
0.0,TDBSI,0.0,2009-2010,Magistr
0.0,TDMI,0.0,2009-2010,Magistr
0.0,TMK,0.0,2009-2010,Magistr
0.0,TDÇA,0.0,2009-2010,Magistr
0.0,TITUKI,0.0,2009-2010,Magistr
0.0,TOHI,0.0,2009-2010,Magistr
0.0,TDEI,0.0,2009-2010,Magistr
0.0,SSTDMI,0.0,2009-2010,Magistr
0.0,HAA,0.0,2009-2010,Magistr
0.0,TDU,623.0,2010-2011,Hünärmen
0.0,HNGU,0.0,2010-2011,Hünärmen
0.0,HYYÖU,0.0,2010-2011,Hünärmen
0.0,TITU,0.0,2010-2011,Hünärmen
0.0,TOHU,430.0,2010-2011,Hünärmen
0.0,TMDDI,1104.0,2010-2011,Hünärmen
0.0,TDMal,0.0,2010-2011,Hünärmen
0.0,TDBGI,635.0,2010-2011,Hünärmen
0.0,HGI,239.0,2010-2011,Hünärmen
0.0,TDYDI,320.0,2010-2011,Hünärmen
0.0,TTII,1603.0,2010-2011,Hünärmen
0.0,TDLU,310.0,2010-2011,Hünärmen
0.0,TDBSI,180.0,2010-2011,Hünärmen
0.0,TDMI,100.0,2010-2011,Hünärmen
0.0,TMK,412.0,2010-2011,Hünärmen
0.0,TDÇA,299.0,2010-2011,Hünärmen
0.0,TITUKI,0.0,2010-2011,Hünärmen
0.0,TOHI,180.0,2010-2011,Hünärmen
0.0,TDEI,970.0,2010-2011,Hünärmen
0.0,SSTDMI,877.0,2010-2011,Hünärmen
0.0,HAA,0.0,2010-2011,Hünärmen
0.0,TDU,0.0,2010-2011,Bakalawr
0.0,HNGU,0.0,2010-2011,Bakalawr
0.0,HYYÖU,0.0,2010-2011,Bakalawr
0.0,TITU,0.0,2010-2011,Bakalawr
0.0,TOHU,0.0,2010-2011,Bakalawr
0.0,TMDDI,0.0,2010-2011,Bakalawr
0.0,TDMal,0.0,2010-2011,Bakalawr
0.0,TDBGI,0.0,2010-2011,Bakalawr
0.0,HGI,0.0,2010-2011,Bakalawr
0.0,TDYDI,0.0,2010-2011,Bakalawr
0.0,TTII,0.0,2010-2011,Bakalawr
0.0,TDLU,0.0,2010-2011,Bakalawr
0.0,TDBSI,0.0,2010-2011,Bakalawr
0.0,TDMI,0.0,2010-2011,Bakalawr
0.0,TMK,0.0,2010-2011,Bakalawr
0.0,TDÇA,0.0,2010-2011,Bakalawr
0.0,TITUKI,0.0,2010-2011,Bakalawr
0.0,TOHI,0.0,2010-2011,Bakalawr
0.0,TDEI,0.0,2010-2011,Bakalawr
0.0,SSTDMI,0.0,2010-2011,Bakalawr
0.0,HAA,0.0,2010-2011,Bakalawr
0.0,TDU,0.0,2010-2011,Magistr
0.0,HNGU,0.0,2010-2011,Magistr
0.0,HYYÖU,0.0,2010-2011,Magistr
0.0,TITU,0.0,2010-2011,Magistr
0.0,TOHU,0.0,2010-2011,Magistr
0.0,TMDDI,0.0,2010-2011,Magistr
0.0,TDMal,0.0,2010-2011,Magistr
0.0,TDBGI,0.0,2010-2011,Magistr
0.0,HGI,0.0,2010-2011,Magistr
0.0,TDYDI,0.0,2010-2011,Magistr
0.0,TTII,0.0,2010-2011,Magistr
0.0,TDLU,0.0,2010-2011,Magistr
0.0,TDBSI,0.0,2010-2011,Magistr
0.0,TDMI,0.0,2010-2011,Magistr
0.0,TMK,0.0,2010-2011,Magistr
0.0,TDÇA,0.0,2010-2011,Magistr
0.0,TITUKI,0.0,2010-2011,Magistr
0.0,TOHI,0.0,2010-2011,Magistr
0.0,TDEI,0.0,2010-2011,Magistr
0.0,SSTDMI,0.0,2010-2011,Magistr
0.0,HAA,0.0,2010-2011,Magistr
0.0,TDU,702.0,2011-2012,Hünärmen
0.0,HNGU,0.0,2011-2012,Hünärmen
0.0,HYYÖU,0.0,2011-2012,Hünärmen
0.0,TITU,0.0,2011-2012,Hünärmen
0.0,TOHU,490.0,2011-2012,Hünärmen
0.0,TMDDI,1172.0,2011-2012,Hünärmen
0.0,TDMal,165.0,2011-2012,Hünärmen
0.0,TDBGI,725.0,2011-2012,Hünärmen
0.0,HGI,264.0,2011-2012,Hünärmen
0.0,TDYDI,305.0,2011-2012,Hünärmen
0.0,TTII,1761.0,2011-2012,Hünärmen
0.0,TDLU,333.0,2011-2012,Hünärmen
0.0,TDBSI,235.0,2011-2012,Hünärmen
0.0,TDMI,120.0,2011-2012,Hünärmen
0.0,TMK,453.0,2011-2012,Hünärmen
0.0,TDÇA,313.0,2011-2012,Hünärmen
0.0,TITUKI,0.0,2011-2012,Hünärmen
0.0,TOHI,380.0,2011-2012,Hünärmen
0.0,TDEI,1014.0,2011-2012,Hünärmen
0.0,SSTDMI,903.0,2011-2012,Hünärmen
0.0,HAA,0.0,2011-2012,Hünärmen
0.0,TDU,0.0,2011-2012,Bakalawr
0.0,HNGU,0.0,2011-2012,Bakalawr
0.0,HYYÖU,0.0,2011-2012,Bakalawr
0.0,TITU,0.0,2011-2012,Bakalawr
0.0,TOHU,0.0,2011-2012,Bakalawr
0.0,TMDDI,0.0,2011-2012,Bakalawr
0.0,TDMal,0.0,2011-2012,Bakalawr
0.0,TDBGI,0.0,2011-2012,Bakalawr
0.0,HGI,0.0,2011-2012,Bakalawr
0.0,TDYDI,0.0,2011-2012,Bakalawr
0.0,TTII,0.0,2011-2012,Bakalawr
0.0,TDLU,0.0,2011-2012,Bakalawr
0.0,TDBSI,0.0,2011-2012,Bakalawr
0.0,TDMI,0.0,2011-2012,Bakalawr
0.0,TMK,0.0,2011-2012,Bakalawr
0.0,TDÇA,0.0,2011-2012,Bakalawr
0.0,TITUKI,0.0,2011-2012,Bakalawr
0.0,TOHI,0.0,2011-2012,Bakalawr
0.0,TDEI,0.0,2011-2012,Bakalawr
0.0,SSTDMI,0.0,2011-2012,Bakalawr
0.0,HAA,0.0,2011-2012,Bakalawr
0.0,TDU,0.0,2011-2012,Magistr
0.0,HNGU,0.0,2011-2012,Magistr
0.0,HYYÖU,0.0,2011-2012,Magistr
0.0,TITU,0.0,2011-2012,Magistr
0.0,TOHU,0.0,2011-2012,Magistr
0.0,TMDDI,0.0,2011-2012,Magistr
0.0,TDMal,0.0,2011-2012,Magistr
0.0,TDBGI,0.0,2011-2012,Magistr
0.0,HGI,0.0,2011-2012,Magistr
0.0,TDYDI,0.0,2011-2012,Magistr
0.0,TTII,0.0,2011-2012,Magistr
0.0,TDLU,0.0,2011-2012,Magistr
0.0,TDBSI,0.0,2011-2012,Magistr
0.0,TDMI,0.0,2011-2012,Magistr
0.0,TMK,0.0,2011-2012,Magistr
0.0,TDÇA,0.0,2011-2012,Magistr
0.0,TITUKI,0.0,2011-2012,Magistr
0.0,TOHI,0.0,2011-2012,Magistr
0.0,TDEI,0.0,2011-2012,Magistr
0.0,SSTDMI,0.0,2011-2012,Magistr
0.0,HAA,0.0,2011-2012,Magistr
0.0,TDU,800.0,2012-2013,Hünärmen
0.0,HNGU,468.0,2012-2013,Hünärmen
0.0,HYYÖU,0.0,2012-2013,Hünärmen
0.0,TITU,0.0,2012-2013,Hünärmen
0.0,TOHU,510.0,2012-2013,Hünärmen
0.0,TMDDI,1219.0,2012-2013,Hünärmen
0.0,TDMal,180.0,2012-2013,Hünärmen
0.0,TDBGI,503.0,2012-2013,Hünärmen
0.0,HGI,280.0,2012-2013,Hünärmen
0.0,TDYDI,375.0,2012-2013,Hünärmen
0.0,TTII,1811.0,2012-2013,Hünärmen
0.0,TDLU,409.0,2012-2013,Hünärmen
0.0,TDBSI,285.0,2012-2013,Hünärmen
0.0,TDMI,160.0,2012-2013,Hünärmen
0.0,TMK,495.0,2012-2013,Hünärmen
0.0,TDÇA,353.0,2012-2013,Hünärmen
0.0,TITUKI,0.0,2012-2013,Hünärmen
0.0,TOHI,595.0,2012-2013,Hünärmen
0.0,TDEI,1084.0,2012-2013,Hünärmen
0.0,SSTDMI,968.0,2012-2013,Hünärmen
0.0,HAA,0.0,2012-2013,Hünärmen
0.0,TDU,0.0,2012-2013,Bakalawr
0.0,HNGU,0.0,2012-2013,Bakalawr
0.0,HYYÖU,0.0,2012-2013,Bakalawr
0.0,TITU,0.0,2012-2013,Bakalawr
0.0,TOHU,0.0,2012-2013,Bakalawr
0.0,TMDDI,0.0,2012-2013,Bakalawr
0.0,TDMal,0.0,2012-2013,Bakalawr
0.0,TDBGI,0.0,2012-2013,Bakalawr
0.0,HGI,0.0,2012-2013,Bakalawr
0.0,TDYDI,0.0,2012-2013,Bakalawr
0.0,TTII,0.0,2012-2013,Bakalawr
0.0,TDLU,0.0,2012-2013,Bakalawr
0.0,TDBSI,0.0,2012-2013,Bakalawr
0.0,TDMI,0.0,2012-2013,Bakalawr
0.0,TMK,0.0,2012-2013,Bakalawr
0.0,TDÇA,0.0,2012-2013,Bakalawr
0.0,TITUKI,0.0,2012-2013,Bakalawr
0.0,TOHI,0.0,2012-2013,Bakalawr
0.0,TDEI,0.0,2012-2013,Bakalawr
0.0,SSTDMI,0.0,2012-2013,Bakalawr
0.0,HAA,0.0,2012-2013,Bakalawr
0.0,TDU,0.0,2012-2013,Magistr
0.0,HNGU,0.0,2012-2013,Magistr
0.0,HYYÖU,0.0,2012-2013,Magistr
0.0,TITU,0.0,2012-2013,Magistr
0.0,TOHU,0.0,2012-2013,Magistr
0.0,TMDDI,0.0,2012-2013,Magistr
0.0,TDMal,0.0,2012-2013,Magistr
0.0,TDBGI,0.0,2012-2013,Magistr
0.0,HGI,0.0,2012-2013,Magistr
0.0,TDYDI,0.0,2012-2013,Magistr
0.0,TTII,0.0,2012-2013,Magistr
0.0,TDLU,0.0,2012-2013,Magistr
0.0,TDBSI,0.0,2012-2013,Magistr
0.0,TDMI,0.0,2012-2013,Magistr
0.0,TMK,0.0,2012-2013,Magistr
0.0,TDÇA,0.0,2012-2013,Magistr
0.0,TITUKI,0.0,2012-2013,Magistr
0.0,TOHI,0.0,2012-2013,Magistr
0.0,TDEI,0.0,2012-2013,Magistr
0.0,SSTDMI,0.0,2012-2013,Magistr
0.0,HAA,0.0,2012-2013,Magistr
0.0,TDU,958.0,2013-2014,Hünärmen
0.0,HNGU,407.0,2013-2014,Hünärmen
0.0,HYYÖU,0.0,2013-2014,Hünärmen
0.0,TITU,0.0,2013-2014,Hünärmen
0.0,TOHU,510.0,2013-2014,Hünärmen
0.0,TMDDI,1276.0,2013-2014,Hünärmen
0.0,TDMal,180.0,2013-2014,Hünärmen
0.0,TDBGI,538.0,2013-2014,Hünärmen
0.0,HGI,278.0,2013-2014,Hünärmen
0.0,TDYDI,420.0,2013-2014,Hünärmen
0.0,TTII,1846.0,2013-2014,Hünärmen
0.0,TDLU,450.0,2013-2014,Hünärmen
0.0,TDBSI,315.0,2013-2014,Hünärmen
0.0,TDMI,170.0,2013-2014,Hünärmen
0.0,TMK,536.0,2013-2014,Hünärmen
0.0,TDÇA,401.0,2013-2014,Hünärmen
0.0,TITUKI,0.0,2013-2014,Hünärmen
0.0,TOHI,812.0,2013-2014,Hünärmen
0.0,TDEI,1163.0,2013-2014,Hünärmen
0.0,SSTDMI,1053.0,2013-2014,Hünärmen
0.0,HAA,0.0,2013-2014,Hünärmen
0.0,TDU,0.0,2013-2014,Bakalawr
0.0,HNGU,0.0,2013-2014,Bakalawr
0.0,HYYÖU,0.0,2013-2014,Bakalawr
0.0,TITU,0.0,2013-2014,Bakalawr
0.0,TOHU,0.0,2013-2014,Bakalawr
0.0,TMDDI,0.0,2013-2014,Bakalawr
0.0,TDMal,0.0,2013-2014,Bakalawr
0.0,TDBGI,0.0,2013-2014,Bakalawr
0.0,HGI,0.0,2013-2014,Bakalawr
0.0,TDYDI,0.0,2013-2014,Bakalawr
0.0,TTII,0.0,2013-2014,Bakalawr
0.0,TDLU,0.0,2013-2014,Bakalawr
0.0,TDBSI,0.0,2013-2014,Bakalawr
0.0,TDMI,0.0,2013-2014,Bakalawr
0.0,TMK,0.0,2013-2014,Bakalawr
0.0,TDÇA,0.0,2013-2014,Bakalawr
0.0,TITUKI,0.0,2013-2014,Bakalawr
0.0,TOHI,0.0,2013-2014,Bakalawr
0.0,TDEI,0.0,2013-2014,Bakalawr
0.0,SSTDMI,0.0,2013-2014,Bakalawr
0.0,HAA,0.0,2013-2014,Bakalawr
0.0,TDU,0.0,2013-2014,Magistr
0.0,HNGU,0.0,2013-2014,Magistr
0.0,HYYÖU,0.0,2013-2014,Magistr
0.0,TITU,0.0,2013-2014,Magistr
0.0,TOHU,0.0,2013-2014,Magistr
0.0,TMDDI,0.0,2013-2014,Magistr
0.0,TDMal,0.0,2013-2014,Magistr
0.0,TDBGI,0.0,2013-2014,Magistr
0.0,HGI,0.0,2013-2014,Magistr
0.0,TDYDI,0.0,2013-2014,Magistr
0.0,TTII,0.0,2013-2014,Magistr
0.0,TDLU,0.0,2013-2014,Magistr
0.0,TDBSI,0.0,2013-2014,Magistr
0.0,TDMI,0.0,2013-2014,Magistr
0.0,TMK,0.0,2013-2014,Magistr
0.0,TDÇA,0.0,2013-2014,Magistr
0.0,TITUKI,0.0,2013-2014,Magistr
0.0,TOHI,0.0,2013-2014,Magistr
0.0,TDEI,0.0,2013-2014,Magistr
0.0,SSTDMI,0.0,2013-2014,Magistr
0.0,HAA,0.0,2013-2014,Magistr
0.0,TDU,1036.0,2014-2015,Hünärmen
0.0,HNGU,395.0,2014-2015,Hünärmen
0.0,HYYÖU,0.0,2014-2015,Hünärmen
0.0,TITU,0.0,2014-2015,Hünärmen
0.0,TOHU,510.0,2014-2015,Hünärmen
0.0,TMDDI,1358.0,2014-2015,Hünärmen
0.0,TDMal,180.0,2014-2015,Hünärmen
0.0,TDBGI,550.0,2014-2015,Hünärmen
0.0,HGI,277.0,2014-2015,Hünärmen
0.0,TDYDI,435.0,2014-2015,Hünärmen
0.0,TTII,1908.0,2014-2015,Hünärmen
0.0,TDLU,470.0,2014-2015,Hünärmen
0.0,TDBSI,320.0,2014-2015,Hünärmen
0.0,TDMI,200.0,2014-2015,Hünärmen
0.0,TMK,588.0,2014-2015,Hünärmen
0.0,TDÇA,447.0,2014-2015,Hünärmen
0.0,TITUKI,0.0,2014-2015,Hünärmen
0.0,TOHI,1037.0,2014-2015,Hünärmen
0.0,TDEI,1246.0,2014-2015,Hünärmen
0.0,SSTDMI,1251.0,2014-2015,Hünärmen
0.0,HAA,0.0,2014-2015,Hünärmen
0.0,TDU,0.0,2014-2015,Bakalawr
0.0,HNGU,24.0,2014-2015,Bakalawr
0.0,HYYÖU,280.0,2014-2015,Bakalawr
0.0,TITU,0.0,2014-2015,Bakalawr
0.0,TOHU,0.0,2014-2015,Bakalawr
0.0,TMDDI,0.0,2014-2015,Bakalawr
0.0,TDMal,0.0,2014-2015,Bakalawr
0.0,TDBGI,0.0,2014-2015,Bakalawr
0.0,HGI,0.0,2014-2015,Bakalawr
0.0,TDYDI,0.0,2014-2015,Bakalawr
0.0,TTII,0.0,2014-2015,Bakalawr
0.0,TDLU,0.0,2014-2015,Bakalawr
0.0,TDBSI,0.0,2014-2015,Bakalawr
0.0,TDMI,0.0,2014-2015,Bakalawr
0.0,TMK,0.0,2014-2015,Bakalawr
0.0,TDÇA,0.0,2014-2015,Bakalawr
0.0,TITUKI,0.0,2014-2015,Bakalawr
0.0,TOHI,0.0,2014-2015,Bakalawr
0.0,TDEI,0.0,2014-2015,Bakalawr
0.0,SSTDMI,0.0,2014-2015,Bakalawr
0.0,HAA,0.0,2014-2015,Bakalawr
0.0,TDU,0.0,2014-2015,Magistr
0.0,HNGU,0.0,2014-2015,Magistr
0.0,HYYÖU,0.0,2014-2015,Magistr
0.0,TITU,0.0,2014-2015,Magistr
0.0,TOHU,0.0,2014-2015,Magistr
0.0,TMDDI,0.0,2014-2015,Magistr
0.0,TDMal,0.0,2014-2015,Magistr
0.0,TDBGI,0.0,2014-2015,Magistr
0.0,HGI,0.0,2014-2015,Magistr
0.0,TDYDI,0.0,2014-2015,Magistr
0.0,TTII,0.0,2014-2015,Magistr
0.0,TDLU,0.0,2014-2015,Magistr
0.0,TDBSI,0.0,2014-2015,Magistr
0.0,TDMI,0.0,2014-2015,Magistr
0.0,TMK,0.0,2014-2015,Magistr
0.0,TDÇA,0.0,2014-2015,Magistr
0.0,TITUKI,0.0,2014-2015,Magistr
0.0,TOHI,0.0,2014-2015,Magistr
0.0,TDEI,0.0,2014-2015,Magistr
0.0,SSTDMI,0.0,2014-2015,Magistr
0.0,HAA,0.0,2014-2015,Magistr
0.0,TDU,1101.0,2015-2016,Hünärmen
0.0,HNGU,419.0,2015-2016,Hünärmen
0.0,HYYÖU,0.0,2015-2016,Hünärmen
0.0,TITU,0.0,2015-2016,Hünärmen
0.0,TOHU,510.0,2015-2016,Hünärmen
0.0,TMDDI,1461.0,2015-2016,Hünärmen
0.0,TDMal,180.0,2015-2016,Hünärmen
0.0,TDBGI,570.0,2015-2016,Hünärmen
0.0,HGI,291.0,2015-2016,Hünärmen
0.0,TDYDI,450.0,2015-2016,Hünärmen
0.0,TTII,1995.0,2015-2016,Hünärmen
0.0,TDLU,497.0,2015-2016,Hünärmen
0.0,TDBSI,320.0,2015-2016,Hünärmen
0.0,TDMI,200.0,2015-2016,Hünärmen
0.0,TMK,637.0,2015-2016,Hünärmen
0.0,TDÇA,494.0,2015-2016,Hünärmen
0.0,TITUKI,0.0,2015-2016,Hünärmen
0.0,TOHI,1071.0,2015-2016,Hünärmen
0.0,TDEI,1338.0,2015-2016,Hünärmen
0.0,SSTDMI,1464.0,2015-2016,Hünärmen
0.0,HAA,0.0,2015-2016,Hünärmen
0.0,TDU,0.0,2015-2016,Bakalawr
0.0,HNGU,24.0,2015-2016,Bakalawr
0.0,HYYÖU,583.0,2015-2016,Bakalawr
0.0,TITU,0.0,2015-2016,Bakalawr
0.0,TOHU,0.0,2015-2016,Bakalawr
0.0,TMDDI,0.0,2015-2016,Bakalawr
0.0,TDMal,0.0,2015-2016,Bakalawr
0.0,TDBGI,0.0,2015-2016,Bakalawr
0.0,HGI,0.0,2015-2016,Bakalawr
0.0,TDYDI,0.0,2015-2016,Bakalawr
0.0,TTII,0.0,2015-2016,Bakalawr
0.0,TDLU,0.0,2015-2016,Bakalawr
0.0,TDBSI,0.0,2015-2016,Bakalawr
0.0,TDMI,0.0,2015-2016,Bakalawr
0.0,TMK,0.0,2015-2016,Bakalawr
0.0,TDÇA,0.0,2015-2016,Bakalawr
0.0,TITUKI,0.0,2015-2016,Bakalawr
0.0,TOHI,0.0,2015-2016,Bakalawr
0.0,TDEI,0.0,2015-2016,Bakalawr
0.0,SSTDMI,0.0,2015-2016,Bakalawr
0.0,HAA,0.0,2015-2016,Bakalawr
0.0,TDU,0.0,2015-2016,Magistr
0.0,HNGU,0.0,2015-2016,Magistr
0.0,HYYÖU,0.0,2015-2016,Magistr
0.0,TITU,0.0,2015-2016,Magistr
0.0,TOHU,0.0,2015-2016,Magistr
0.0,TMDDI,0.0,2015-2016,Magistr
0.0,TDMal,0.0,2015-2016,Magistr
0.0,TDBGI,0.0,2015-2016,Magistr
0.0,HGI,0.0,2015-2016,Magistr
0.0,TDYDI,0.0,2015-2016,Magistr
0.0,TTII,0.0,2015-2016,Magistr
0.0,TDLU,0.0,2015-2016,Magistr
0.0,TDBSI,0.0,2015-2016,Magistr
0.0,TDMI,0.0,2015-2016,Magistr
0.0,TMK,0.0,2015-2016,Magistr
0.0,TDÇA,0.0,2015-2016,Magistr
0.0,TITUKI,0.0,2015-2016,Magistr
0.0,TOHI,0.0,2015-2016,Magistr
0.0,TDEI,0.0,2015-2016,Magistr
0.0,SSTDMI,0.0,2015-2016,Magistr
0.0,HAA,0.0,2015-2016,Magistr
0.0,TDU,1054.0,2016-2017,Hünärmen
0.0,HNGU,419.0,2016-2017,Hünärmen
0.0,HYYÖU,0.0,2016-2017,Hünärmen
0.0,TITU,0.0,2016-2017,Hünärmen
0.0,TOHU,510.0,2016-2017,Hünärmen
0.0,TMDDI,1955.0,2016-2017,Hünärmen
0.0,TDMal,180.0,2016-2017,Hünärmen
0.0,TDBGI,578.0,2016-2017,Hünärmen
0.0,HGI,290.0,2016-2017,Hünärmen
0.0,TDYDI,450.0,2016-2017,Hünärmen
0.0,TTII,2217.0,2016-2017,Hünärmen
0.0,TDLU,573.0,2016-2017,Hünärmen
0.0,TDBSI,410.0,2016-2017,Hünärmen
0.0,TDMI,200.0,2016-2017,Hünärmen
0.0,TMK,664.0,2016-2017,Hünärmen
0.0,TDÇA,529.0,2016-2017,Hünärmen
0.0,TITUKI,0.0,2016-2017,Hünärmen
0.0,TOHI,1094.0,2016-2017,Hünärmen
0.0,TDEI,1454.0,2016-2017,Hünärmen
0.0,SSTDMI,1686.0,2016-2017,Hünärmen
0.0,HAA,0.0,2016-2017,Hünärmen
0.0,TDU,0.0,2016-2017,Bakalawr
0.0,HNGU,48.0,2016-2017,Bakalawr
0.0,HYYÖU,1103.0,2016-2017,Bakalawr
0.0,TITU,450.0,2016-2017,Bakalawr
0.0,TOHU,0.0,2016-2017,Bakalawr
0.0,TMDDI,0.0,2016-2017,Bakalawr
0.0,TDMal,0.0,2016-2017,Bakalawr
0.0,TDBGI,0.0,2016-2017,Bakalawr
0.0,HGI,0.0,2016-2017,Bakalawr
0.0,TDYDI,60.0,2016-2017,Bakalawr
0.0,TTII,0.0,2016-2017,Bakalawr
0.0,TDLU,0.0,2016-2017,Bakalawr
0.0,TDBSI,0.0,2016-2017,Bakalawr
0.0,TDMI,0.0,2016-2017,Bakalawr
0.0,TMK,0.0,2016-2017,Bakalawr
0.0,TDÇA,0.0,2016-2017,Bakalawr
0.0,TITUKI,0.0,2016-2017,Bakalawr
0.0,TOHI,0.0,2016-2017,Bakalawr
0.0,TDEI,0.0,2016-2017,Bakalawr
0.0,SSTDMI,0.0,2016-2017,Bakalawr
0.0,HAA,0.0,2016-2017,Bakalawr
0.0,TDU,0.0,2016-2017,Magistr
0.0,HNGU,0.0,2016-2017,Magistr
0.0,HYYÖU,0.0,2016-2017,Magistr
0.0,TITU,0.0,2016-2017,Magistr
0.0,TOHU,0.0,2016-2017,Magistr
0.0,TMDDI,0.0,2016-2017,Magistr
0.0,TDMal,0.0,2016-2017,Magistr
0.0,TDBGI,0.0,2016-2017,Magistr
0.0,HGI,0.0,2016-2017,Magistr
0.0,TDYDI,0.0,2016-2017,Magistr
0.0,TTII,0.0,2016-2017,Magistr
0.0,TDLU,0.0,2016-2017,Magistr
0.0,TDBSI,0.0,2016-2017,Magistr
0.0,TDMI,0.0,2016-2017,Magistr
0.0,TMK,0.0,2016-2017,Magistr
0.0,TDÇA,0.0,2016-2017,Magistr
0.0,TITUKI,0.0,2016-2017,Magistr
0.0,TOHI,0.0,2016-2017,Magistr
0.0,TDEI,0.0,2016-2017,Magistr
0.0,SSTDMI,0.0,2016-2017,Magistr
0.0,HAA,0.0,2016-2017,Magistr
0.0,TDU,1121.0,2017-2018,Hünärmen
0.0,HNGU,478.0,2017-2018,Hünärmen
0.0,HYYÖU,0.0,2017-2018,Hünärmen
0.0,TITU,0.0,2017-2018,Hünärmen
0.0,TOHU,510.0,2017-2018,Hünärmen
0.0,TMDDI,2153.0,2017-2018,Hünärmen
0.0,TDMal,220.0,2017-2018,Hünärmen
0.0,TDBGI,569.0,2017-2018,Hünärmen
0.0,HGI,292.0,2017-2018,Hünärmen
0.0,TDYDI,560.0,2017-2018,Hünärmen
0.0,TTII,2308.0,2017-2018,Hünärmen
0.0,TDLU,573.0,2017-2018,Hünärmen
0.0,TDBSI,410.0,2017-2018,Hünärmen
0.0,TDMI,240.0,2017-2018,Hünärmen
0.0,TMK,81.0,2017-2018,Hünärmen
0.0,TDÇA,563.0,2017-2018,Hünärmen
0.0,TITUKI,400.0,2017-2018,Hünärmen
0.0,TOHI,1103.0,2017-2018,Hünärmen
0.0,TDEI,1548.0,2017-2018,Hünärmen
0.0,SSTDMI,1933.0,2017-2018,Hünärmen
0.0,HAA,0.0,2017-2018,Hünärmen
0.0,TDU,0.0,2017-2018,Bakalawr
0.0,HNGU,112.0,2017-2018,Bakalawr
0.0,HYYÖU,1332.0,2017-2018,Bakalawr
0.0,TITU,450.0,2017-2018,Bakalawr
0.0,TOHU,0.0,2017-2018,Bakalawr
0.0,TMDDI,0.0,2017-2018,Bakalawr
0.0,TDMal,0.0,2017-2018,Bakalawr
0.0,TDBGI,0.0,2017-2018,Bakalawr
0.0,HGI,0.0,2017-2018,Bakalawr
0.0,TDYDI,80.0,2017-2018,Bakalawr
0.0,TTII,0.0,2017-2018,Bakalawr
0.0,TDLU,0.0,2017-2018,Bakalawr
0.0,TDBSI,0.0,2017-2018,Bakalawr
0.0,TDMI,0.0,2017-2018,Bakalawr
0.0,TMK,0.0,2017-2018,Bakalawr
0.0,TDÇA,0.0,2017-2018,Bakalawr
0.0,TITUKI,0.0,2017-2018,Bakalawr
0.0,TOHI,0.0,2017-2018,Bakalawr
0.0,TDEI,0.0,2017-2018,Bakalawr
0.0,SSTDMI,0.0,2017-2018,Bakalawr
0.0,HAA,0.0,2017-2018,Bakalawr
0.0,TDU,0.0,2017-2018,Magistr
0.0,HNGU,0.0,2017-2018,Magistr
0.0,HYYÖU,0.0,2017-2018,Magistr
0.0,TITU,0.0,2017-2018,Magistr
0.0,TOHU,0.0,2017-2018,Magistr
0.0,TMDDI,0.0,2017-2018,Magistr
0.0,TDMal,0.0,2017-2018,Magistr
0.0,TDBGI,0.0,2017-2018,Magistr
0.0,HGI,0.0,2017-2018,Magistr
0.0,TDYDI,0.0,2017-2018,Magistr
0.0,TTII,0.0,2017-2018,Magistr
0.0,TDLU,0.0,2017-2018,Magistr
0.0,TDBSI,0.0,2017-2018,Magistr
0.0,TDMI,0.0,2017-2018,Magistr
0.0,TMK,0.0,2017-2018,Magistr
0.0,TDÇA,0.0,2017-2018,Magistr
0.0,TITUKI,0.0,2017-2018,Magistr
0.0,TOHI,0.0,2017-2018,Magistr
0.0,TDEI,0.0,2017-2018,Magistr
0.0,SSTDMI,0.0,2017-2018,Magistr
0.0,HAA,0.0,2017-2018,Magistr
0.0,TDU,1171.0,2018-2019,Hünärmen
0.0,HNGU,646.0,2018-2019,Hünärmen
0.0,HYYÖU,0.0,2018-2019,Hünärmen
0.0,TITU,0.0,2018-2019,Hünärmen
0.0,TOHU,510.0,2018-2019,Hünärmen
0.0,TMDDI,2361.0,2018-2019,Hünärmen
0.0,TDMal,260.0,2018-2019,Hünärmen
0.0,TDBGI,569.0,2018-2019,Hünärmen
0.0,HGI,310.0,2018-2019,Hünärmen
0.0,TDYDI,560.0,2018-2019,Hünärmen
0.0,TTII,2319.0,2018-2019,Hünärmen
0.0,TDLU,573.0,2018-2019,Hünärmen
0.0,TDBSI,440.0,2018-2019,Hünärmen
0.0,TDMI,270.0,2018-2019,Hünärmen
0.0,TMK,66.0,2018-2019,Hünärmen
0.0,TDÇA,581.0,2018-2019,Hünärmen
0.0,TITUKI,400.0,2018-2019,Hünärmen
0.0,TOHI,1094.0,2018-2019,Hünärmen
0.0,TDEI,1613.0,2018-2019,Hünärmen
0.0,SSTDMI,2162.0,2018-2019,Hünärmen
0.0,HAA,0.0,2018-2019,Hünärmen
0.0,TDU,0.0,2018-2019,Bakalawr
0.0,HNGU,144.0,2018-2019,Bakalawr
0.0,HYYÖU,1553.0,2018-2019,Bakalawr
0.0,TITU,470.0,2018-2019,Bakalawr
0.0,TOHU,0.0,2018-2019,Bakalawr
0.0,TMDDI,0.0,2018-2019,Bakalawr
0.0,TDMal,0.0,2018-2019,Bakalawr
0.0,TDBGI,0.0,2018-2019,Bakalawr
0.0,HGI,0.0,2018-2019,Bakalawr
0.0,TDYDI,80.0,2018-2019,Bakalawr
0.0,TTII,0.0,2018-2019,Bakalawr
0.0,TDLU,0.0,2018-2019,Bakalawr
0.0,TDBSI,0.0,2018-2019,Bakalawr
0.0,TDMI,0.0,2018-2019,Bakalawr
0.0,TMK,0.0,2018-2019,Bakalawr
0.0,TDÇA,0.0,2018-2019,Bakalawr
0.0,TITUKI,0.0,2018-2019,Bakalawr
0.0,TOHI,0.0,2018-2019,Bakalawr
0.0,TDEI,0.0,2018-2019,Bakalawr
0.0,SSTDMI,0.0,2018-2019,Bakalawr
0.0,HAA,0.0,2018-2019,Bakalawr
0.0,TDU,0.0,2018-2019,Magistr
0.0,HNGU,0.0,2018-2019,Magistr
0.0,HYYÖU,37.0,2018-2019,Magistr
0.0,TITU,20.0,2018-2019,Magistr
0.0,TOHU,0.0,2018-2019,Magistr
0.0,TMDDI,0.0,2018-2019,Magistr
0.0,TDMal,0.0,2018-2019,Magistr
0.0,TDBGI,0.0,2018-2019,Magistr
0.0,HGI,0.0,2018-2019,Magistr
0.0,TDYDI,19.0,2018-2019,Magistr
0.0,TTII,0.0,2018-2019,Magistr
0.0,TDLU,0.0,2018-2019,Magistr
0.0,TDBSI,0.0,2018-2019,Magistr
0.0,TDMI,0.0,2018-2019,Magistr
0.0,TMK,0.0,2018-2019,Magistr
0.0,TDÇA,0.0,2018-2019,Magistr
0.0,TITUKI,0.0,2018-2019,Magistr
0.0,TOHI,0.0,2018-2019,Magistr
0.0,TDEI,0.0,2018-2019,Magistr
0.0,SSTDMI,0.0,2018-2019,Magistr
0.0,HAA,0.0,2018-2019,Magistr
0.0,TDU,1466.0,2019-2020,Hünärmen
0.0,HNGU,1046.0,2019-2020,Hünärmen
0.0,HYYÖU,0.0,2019-2020,Hünärmen
0.0,TITU,0.0,2019-2020,Hünärmen
0.0,TOHU,510.0,2019-2020,Hünärmen
0.0,TMDDI,2898.0,2019-2020,Hünärmen
0.0,TDMal,420.0,2019-2020,Hünärmen
0.0,TDBGI,670.0,2019-2020,Hünärmen
0.0,HGI,331.0,2019-2020,Hünärmen
0.0,TDYDI,660.0,2019-2020,Hünärmen
0.0,TTII,1980.0,2019-2020,Hünärmen
0.0,TDLU,647.0,2019-2020,Hünärmen
0.0,TDBSI,500.0,2019-2020,Hünärmen
0.0,TDMI,370.0,2019-2020,Hünärmen
0.0,TMK,720.0,2019-2020,Hünärmen
0.0,TDÇA,613.0,2019-2020,Hünärmen
0.0,TITUKI,505.0,2019-2020,Hünärmen
0.0,TOHI,1198.0,2019-2020,Hünärmen
0.0,TDEI,1826.0,2019-2020,Hünärmen
0.0,SSTDMI,2634.0,2019-2020,Hünärmen
0.0,HAA,0.0,2019-2020,Hünärmen
0.0,TDU,0.0,2019-2020,Bakalawr
0.0,HNGU,144.0,2019-2020,Bakalawr
0.0,HYYÖU,1631.0,2019-2020,Bakalawr
0.0,TITU,700.0,2019-2020,Bakalawr
0.0,TOHU,0.0,2019-2020,Bakalawr
0.0,TMDDI,0.0,2019-2020,Bakalawr
0.0,TDMal,0.0,2019-2020,Bakalawr
0.0,TDBGI,0.0,2019-2020,Bakalawr
0.0,HGI,0.0,2019-2020,Bakalawr
0.0,TDYDI,100.0,2019-2020,Bakalawr
0.0,TTII,50.0,2019-2020,Bakalawr
0.0,TDLU,0.0,2019-2020,Bakalawr
0.0,TDBSI,0.0,2019-2020,Bakalawr
0.0,TDMI,0.0,2019-2020,Bakalawr
0.0,TMK,0.0,2019-2020,Bakalawr
0.0,TDÇA,0.0,2019-2020,Bakalawr
0.0,TITUKI,0.0,2019-2020,Bakalawr
0.0,TOHI,0.0,2019-2020,Bakalawr
0.0,TDEI,0.0,2019-2020,Bakalawr
0.0,SSTDMI,0.0,2019-2020,Bakalawr
0.0,HAA,0.0,2019-2020,Bakalawr
0.0,TDU,0.0,2019-2020,Magistr
0.0,HNGU,0.0,2019-2020,Magistr
0.0,HYYÖU,46.0,2019-2020,Magistr
0.0,TITU,75.0,2019-2020,Magistr
0.0,TOHU,0.0,2019-2020,Magistr
0.0,TMDDI,0.0,2019-2020,Magistr
0.0,TDMal,0.0,2019-2020,Magistr
0.0,TDBGI,0.0,2019-2020,Magistr
0.0,HGI,0.0,2019-2020,Magistr
0.0,TDYDI,23.0,2019-2020,Magistr
0.0,TTII,0.0,2019-2020,Magistr
0.0,TDLU,0.0,2019-2020,Magistr
0.0,TDBSI,0.0,2019-2020,Magistr
0.0,TDMI,0.0,2019-2020,Magistr
0.0,TMK,0.0,2019-2020,Magistr
0.0,TDÇA,0.0,2019-2020,Magistr
0.0,TITUKI,0.0,2019-2020,Magistr
0.0,TOHI,0.0,2019-2020,Magistr
0.0,TDEI,0.0,2019-2020,Magistr
0.0,SSTDMI,0.0,2019-2020,Magistr
0.0,HAA,0.0,2019-2020,Magistr
0.0,TDU,1679.0,2020-2021,Hünärmen
0.0,HNGU,1336.0,2020-2021,Hünärmen
0.0,HYYÖU,0.0,2020-2021,Hünärmen
0.0,TITU,0.0,2020-2021,Hünärmen
0.0,TOHU,400.0,2020-2021,Hünärmen
0.0,TMDDI,2434.0,2020-2021,Hünärmen
0.0,TDMal,420.0,2020-2021,Hünärmen
0.0,TDBGI,720.0,2020-2021,Hünärmen
0.0,HGI,352.0,2020-2021,Hünärmen
0.0,TDYDI,320.0,2020-2021,Hünärmen
0.0,TTII,2794.0,2020-2021,Hünärmen
0.0,TDLU,1000.0,2020-2021,Hünärmen
0.0,TDBSI,625.0,2020-2021,Hünärmen
0.0,TDMI,0.0,2020-2021,Hünärmen
0.0,TMK,747.0,2020-2021,Hünärmen
0.0,TDÇA,654.0,2020-2021,Hünärmen
0.0,TITUKI,600.0,2020-2021,Hünärmen
0.0,TOHI,1301.0,2020-2021,Hünärmen
0.0,TDEI,2083.0,2020-2021,Hünärmen
0.0,SSTDMI,3284.0,2020-2021,Hünärmen
0.0,HAA,0.0,2020-2021,Hünärmen
0.0,TDU,40.0,2020-2021,Bakalawr
0.0,HNGU,144.0,2020-2021,Bakalawr
0.0,HYYÖU,1739.0,2020-2021,Bakalawr
0.0,TITU,900.0,2020-2021,Bakalawr
0.0,TOHU,0.0,2020-2021,Bakalawr
0.0,TMDDI,1109.0,2020-2021,Bakalawr
0.0,TDMal,20.0,2020-2021,Bakalawr
0.0,TDBGI,0.0,2020-2021,Bakalawr
0.0,HGI,0.0,2020-2021,Bakalawr
0.0,TDYDI,500.0,2020-2021,Bakalawr
0.0,TTII,75.0,2020-2021,Bakalawr
0.0,TDLU,0.0,2020-2021,Bakalawr
0.0,TDBSI,0.0,2020-2021,Bakalawr
0.0,TDMI,420.0,2020-2021,Bakalawr
0.0,TMK,0.0,2020-2021,Bakalawr
0.0,TDÇA,0.0,2020-2021,Bakalawr
0.0,TITUKI,0.0,2020-2021,Bakalawr
0.0,TOHI,40.0,2020-2021,Bakalawr
0.0,TDEI,53.0,2020-2021,Bakalawr
0.0,SSTDMI,0.0,2020-2021,Bakalawr
0.0,HAA,0.0,2020-2021,Bakalawr
0.0,TDU,20.0,2020-2021,Magistr
0.0,HNGU,15.0,2020-2021,Magistr
0.0,HYYÖU,48.0,2020-2021,Magistr
0.0,TITU,50.0,2020-2021,Magistr
0.0,TOHU,0.0,2020-2021,Magistr
0.0,TMDDI,10.0,2020-2021,Magistr
0.0,TDMal,0.0,2020-2021,Magistr
0.0,TDBGI,0.0,2020-2021,Magistr
0.0,HGI,0.0,2020-2021,Magistr
0.0,TDYDI,60.0,2020-2021,Magistr
0.0,TTII,0.0,2020-2021,Magistr
0.0,TDLU,0.0,2020-2021,Magistr
0.0,TDBSI,0.0,2020-2021,Magistr
0.0,TDMI,0.0,2020-2021,Magistr
0.0,TMK,0.0,2020-2021,Magistr
0.0,TDÇA,0.0,2020-2021,Magistr
0.0,TITUKI,0.0,2020-2021,Magistr
0.0,TOHI,0.0,2020-2021,Magistr
0.0,TDEI,0.0,2020-2021,Magistr
0.0,SSTDMI,0.0,2020-2021,Magistr
0.0,HAA,0.0,2020-2021,Magistr
0.0,TDU,1772.0,2021-2022,Hünärmen
0.0,HNGU,954.0,2021-2022,Hünärmen
0.0,HYYÖU,0.0,2021-2022,Hünärmen
0.0,TITU,0.0,2021-2022,Hünärmen
0.0,TOHU,440.0,2021-2022,Hünärmen
0.0,TMDDI,2014.0,2021-2022,Hünärmen
0.0,TDMal,0.0,2021-2022,Hünärmen
0.0,TDBGI,805.0,2021-2022,Hünärmen
0.0,HGI,369.0,2021-2022,Hünärmen
0.0,TDYDI,0.0,2021-2022,Hünärmen
0.0,TTII,3663.0,2021-2022,Hünärmen
0.0,TDLU,1000.0,2021-2022,Hünärmen
0.0,TDBSI,650.0,2021-2022,Hünärmen
0.0,TDMI,0.0,2021-2022,Hünärmen
0.0,TMK,777.0,2021-2022,Hünärmen
0.0,TDÇA,708.0,2021-2022,Hünärmen
0.0,TITUKI,650.0,2021-2022,Hünärmen
0.0,TOHI,1322.0,2021-2022,Hünärmen
0.0,TDEI,2280.0,2021-2022,Hünärmen
0.0,SSTDMI,3924.0,2021-2022,Hünärmen
0.0,HAA,0.0,2021-2022,Hünärmen
0.0,TDU,50.0,2021-2022,Bakalawr
0.0,HNGU,346.0,2021-2022,Bakalawr
0.0,HYYÖU,1924.0,2021-2022,Bakalawr
0.0,TITU,900.0,2021-2022,Bakalawr
0.0,TOHU,0.0,2021-2022,Bakalawr
0.0,TMDDI,2216.0,2021-2022,Bakalawr
0.0,TDMal,440.0,2021-2022,Bakalawr
0.0,TDBGI,45.0,2021-2022,Bakalawr
0.0,HGI,45.0,2021-2022,Bakalawr
0.0,TDYDI,820.0,2021-2022,Bakalawr
0.0,TTII,100.0,2021-2022,Bakalawr
0.0,TDLU,0.0,2021-2022,Bakalawr
0.0,TDBSI,0.0,2021-2022,Bakalawr
0.0,TDMI,420.0,2021-2022,Bakalawr
0.0,TMK,0.0,2021-2022,Bakalawr
0.0,TDÇA,0.0,2021-2022,Bakalawr
0.0,TITUKI,0.0,2021-2022,Bakalawr
0.0,TOHI,214.0,2021-2022,Bakalawr
0.0,TDEI,123.0,2021-2022,Bakalawr
0.0,SSTDMI,0.0,2021-2022,Bakalawr
0.0,HAA,0.0,2021-2022,Bakalawr
0.0,TDU,20.0,2021-2022,Magistr
0.0,HNGU,30.0,2021-2022,Magistr
0.0,HYYÖU,48.0,2021-2022,Magistr
0.0,TITU,100.0,2021-2022,Magistr
0.0,TOHU,0.0,2021-2022,Magistr
0.0,TMDDI,25.0,2021-2022,Magistr
0.0,TDMal,0.0,2021-2022,Magistr
0.0,TDBGI,0.0,2021-2022,Magistr
0.0,HGI,36.0,2021-2022,Magistr
0.0,TDYDI,60.0,2021-2022,Magistr
0.0,TTII,0.0,2021-2022,Magistr
0.0,TDLU,0.0,2021-2022,Magistr
0.0,TDBSI,0.0,2021-2022,Magistr
0.0,TDMI,0.0,2021-2022,Magistr
0.0,TMK,0.0,2021-2022,Magistr
0.0,TDÇA,0.0,2021-2022,Magistr
0.0,TITUKI,0.0,2021-2022,Magistr
0.0,TOHI,0.0,2021-2022,Magistr
0.0,TDEI,0.0,2021-2022,Magistr
0.0,SSTDMI,0.0,2021-2022,Magistr
0.0,HAA,0.0,2021-2022,Magistr
0.0,TDU,1740.0,2022-2023,Hünärmen
0.0,HNGU,701.0,2022-2023,Hünärmen
0.0,HYYÖU,0.0,2022-2023,Hünärmen
0.0,TITU,0.0,2022-2023,Hünärmen
0.0,TOHU,440.0,2022-2023,Hünärmen
0.0,TMDDI,1529.0,2022-2023,Hünärmen
0.0,TDMal,0.0,2022-2023,Hünärmen
0.0,TDBGI,565.0,2022-2023,Hünärmen
0.0,HGI,397.0,2022-2023,Hünärmen
0.0,TDYDI,0.0,2022-2023,Hünärmen
0.0,TTII,4501.0,2022-2023,Hünärmen
0.0,TDLU,1000.0,2022-2023,Hünärmen
0.0,TDBSI,650.0,2022-2023,Hünärmen
0.0,TDMI,0.0,2022-2023,Hünärmen
0.0,TMK,806.0,2022-2023,Hünärmen
0.0,TDÇA,753.0,2022-2023,Hünärmen
0.0,TITUKI,439.0,2022-2023,Hünärmen
0.0,TOHI,1310.0,2022-2023,Hünärmen
0.0,TDEI,2296.0,2022-2023,Hünärmen
0.0,SSTDMI,4579.0,2022-2023,Hünärmen
0.0,HAA,0.0,2022-2023,Hünärmen
0.0,TDU,99.0,2022-2023,Bakalawr
0.0,HNGU,599.0,2022-2023,Bakalawr
0.0,HYYÖU,2035.0,2022-2023,Bakalawr
0.0,TITU,900.0,2022-2023,Bakalawr
0.0,TOHU,0.0,2022-2023,Bakalawr
0.0,TMDDI,3317.0,2022-2023,Bakalawr
0.0,TDMal,440.0,2022-2023,Bakalawr
0.0,TDBGI,415.0,2022-2023,Bakalawr
0.0,HGI,102.0,2022-2023,Bakalawr
0.0,TDYDI,820.0,2022-2023,Bakalawr
0.0,TTII,124.0,2022-2023,Bakalawr
0.0,TDLU,0.0,2022-2023,Bakalawr
0.0,TDBSI,0.0,2022-2023,Bakalawr
0.0,TDMI,420.0,2022-2023,Bakalawr
0.0,TMK,0.0,2022-2023,Bakalawr
0.0,TDÇA,0.0,2022-2023,Bakalawr
0.0,TITUKI,0.0,2022-2023,Bakalawr
0.0,TOHI,411.0,2022-2023,Bakalawr
0.0,TDEI,398.0,2022-2023,Bakalawr
0.0,SSTDMI,50.0,2022-2023,Bakalawr
0.0,HAA,0.0,2022-2023,Bakalawr
0.0,TDU,20.0,2022-2023,Magistr
0.0,HNGU,27.0,2022-2023,Magistr
0.0,HYYÖU,47.0,2022-2023,Magistr
0.0,TITU,100.0,2022-2023,Magistr
0.0,TOHU,0.0,2022-2023,Magistr
0.0,TMDDI,30.0,2022-2023,Magistr
0.0,TDMal,0.0,2022-2023,Magistr
0.0,TDBGI,0.0,2022-2023,Magistr
0.0,HGI,54.0,2022-2023,Magistr
0.0,TDYDI,60.0,2022-2023,Magistr
0.0,TTII,0.0,2022-2023,Magistr
0.0,TDLU,0.0,2022-2023,Magistr
0.0,TDBSI,0.0,2022-2023,Magistr
0.0,TDMI,0.0,2022-2023,Magistr
0.0,TMK,0.0,2022-2023,Magistr
0.0,TDÇA,0.0,2022-2023,Magistr
0.0,TITUKI,0.0,2022-2023,Magistr
0.0,TOHI,0.0,2022-2023,Magistr
0.0,TDEI,0.0,2022-2023,Magistr
0.0,SSTDMI,0.0,2022-2023,Magistr
0.0,HAA,0.0,2022-2023,Magistr
0.0,TDU,1738.0,2023-2024,Hünärmen
0.0,HNGU,699.0,2023-2024,Hünärmen
0.0,HYYÖU,0.0,2023-2024,Hünärmen
0.0,TITU,0.0,2023-2024,Hünärmen
0.0,TOHU,440.0,2023-2024,Hünärmen
0.0,TMDDI,941.0,2023-2024,Hünärmen
0.0,TDMal,0.0,2023-2024,Hünärmen
0.0,TDBGI,610.0,2023-2024,Hünärmen
0.0,HGI,407.0,2023-2024,Hünärmen
0.0,TDYDI,0.0,2023-2024,Hünärmen
0.0,TTII,5320.0,2023-2024,Hünärmen
0.0,TDLU,1000.0,2023-2024,Hünärmen
0.0,TDBSI,650.0,2023-2024,Hünärmen
0.0,TDMI,0.0,2023-2024,Hünärmen
0.0,TMK,834.0,2023-2024,Hünärmen
0.0,TDÇA,786.0,2023-2024,Hünärmen
0.0,TITUKI,365.0,2023-2024,Hünärmen
0.0,TOHI,1288.0,2023-2024,Hünärmen
0.0,TDEI,2302.0,2023-2024,Hünärmen
0.0,SSTDMI,5165.0,2023-2024,Hünärmen
0.0,HAA,35.0,2023-2024,Hünärmen
0.0,TDU,110.0,2023-2024,Bakalawr
0.0,HNGU,601.0,2023-2024,Bakalawr
0.0,HYYÖU,2107.0,2023-2024,Bakalawr
0.0,TITU,900.0,2023-2024,Bakalawr
0.0,TOHU,0.0,2023-2024,Bakalawr
0.0,TMDDI,4409.0,2023-2024,Bakalawr
0.0,TDMal,440.0,2023-2024,Bakalawr
0.0,TDBGI,430.0,2023-2024,Bakalawr
0.0,HGI,164.0,2023-2024,Bakalawr
0.0,TDYDI,840.0,2023-2024,Bakalawr
0.0,TTII,97.0,2023-2024,Bakalawr
0.0,TDLU,0.0,2023-2024,Bakalawr
0.0,TDBSI,0.0,2023-2024,Bakalawr
0.0,TDMI,420.0,2023-2024,Bakalawr
0.0,TMK,0.0,2023-2024,Bakalawr
0.0,TDÇA,0.0,2023-2024,Bakalawr
0.0,TITUKI,0.0,2023-2024,Bakalawr
0.0,TOHI,629.0,2023-2024,Bakalawr
0.0,TDEI,671.0,2023-2024,Bakalawr
0.0,SSTDMI,140.0,2023-2024,Bakalawr
0.0,HAA,95.0,2023-2024,Bakalawr
0.0,TDU,24.0,2023-2024,Magistr
0.0,HNGU,27.0,2023-2024,Magistr
0.0,HYYÖU,48.0,2023-2024,Magistr
0.0,TITU,100.0,2023-2024,Magistr
0.0,TOHU,0.0,2023-2024,Magistr
0.0,TMDDI,30.0,2023-2024,Magistr
0.0,TDMal,5.0,2023-2024,Magistr
0.0,TDBGI,0.0,2023-2024,Magistr
0.0,HGI,63.0,2023-2024,Magistr
0.0,TDYDI,34.0,2023-2024,Magistr
0.0,TTII,0.0,2023-2024,Magistr
0.0,TDLU,0.0,2023-2024,Magistr
0.0,TDBSI,0.0,2023-2024,Magistr
0.0,TDMI,0.0,2023-2024,Magistr
0.0,TMK,0.0,2023-2024,Magistr
0.0,TDÇA,0.0,2023-2024,Magistr
0.0,TITUKI,0.0,2023-2024,Magistr
0.0,TOHI,0.0,2023-2024,Magistr
0.0,TDEI,0.0,2023-2024,Magistr
0.0,SSTDMI,14.0,2023-2024,Magistr
0.0,HAA,0.0,2023-2024,Magistr
0.0,TDU,1723.0,2024-2025,Hünärmen
0.0,HNGU,695.0,2024-2025,Hünärmen
0.0,HYYÖU,0.0,2024-2025,Hünärmen
0.0,TITU,0.0,2024-2025,Hünärmen
0.0,TOHU,440.0,2024-2025,Hünärmen
0.0,TMDDI,0.0,2024-2025,Hünärmen
0.0,TDMal,0.0,2024-2025,Hünärmen
0.0,TDBGI,614.0,2024-2025,Hünärmen
0.0,HGI,410.0,2024-2025,Hünärmen
0.0,TDYDI,0.0,2024-2025,Hünärmen
0.0,TTII,5416.0,2024-2025,Hünärmen
0.0,TDLU,1000.0,2024-2025,Hünärmen
0.0,TDBSI,650.0,2024-2025,Hünärmen
0.0,TDMI,0.0,2024-2025,Hünärmen
0.0,TMK,837.0,2024-2025,Hünärmen
0.0,TDÇA,826.0,2024-2025,Hünärmen
0.0,TITUKI,356.0,2024-2025,Hünärmen
0.0,TOHI,1146.0,2024-2025,Hünärmen
0.0,TDEI,2151.0,2024-2025,Hünärmen
0.0,SSTDMI,5374.0,2024-2025,Hünärmen
0.0,HAA,38.0,2024-2025,Hünärmen
0.0,TDU,110,2024-2025,Bakalawr
0.0,HNGU,605,2024-2025,Bakalawr
0.0,HYYÖU,1999,2024-2025,Bakalawr
0.0,TITU,900,2024-2025,Bakalawr
0.0,TOHU, ,2024-2025,Bakalawr
0.0,TMDDI,4414,2024-2025,Bakalawr
0.0,TDMal,440,2024-2025,Bakalawr
0.0,TDBGI,426,2024-2025,Bakalawr
0.0,HGI,221,2024-2025,Bakalawr
0.0,TDYDI,920,2024-2025,Bakalawr
0.0,TTII,121,2024-2025,Bakalawr
0.0,TDLU,0,2024-2025,Bakalawr
0.0,TDBSI,0,2024-2025,Bakalawr
0.0,TDMI,420,2024-2025,Bakalawr
0.0,TMK,0,2024-2025,Bakalawr
0.0,TDÇA,0,2024-2025,Bakalawr
0.0,TITUKI,0,2024-2025,Bakalawr
0.0,TOHI,824,2024-2025,Bakalawr
0.0,TDEI,908,2024-2025,Bakalawr
0.0,SSTDMI,249,2024-2025,Bakalawr
0.0,HAA,112,2024-2025,Bakalawr
0.0,TDU,25.0,2024-2025,Magistr
0.0,HNGU,23.0,2024-2025,Magistr
0.0,HYYÖU,46.0,2024-2025,Magistr
0.0,TITU,125.0,2024-2025,Magistr
0.0,TOHU,0.0,2024-2025,Magistr
0.0,TMDDI,80.0,2024-2025,Magistr
0.0,TDMal,16.0,2024-2025,Magistr
0.0,TDBGI,0.0,2024-2025,Magistr
0.0,HGI,78.0,2024-2025,Magistr
0.0,TDYDI,100.0,2024-2025,Magistr
0.0,TTII,0.0,2024-2025,Magistr
0.0,TDLU,0.0,2024-2025,Magistr
0.0,TDBSI,0.0,2024-2025,Magistr
0.0,TDMI,20.0,2024-2025,Magistr
0.0,TMK,0.0,2024-2025,Magistr
0.0,TDÇA,0.0,2024-2025,Magistr
0.0,TITUKI,0.0,2024-2025,Magistr
0.0,TOHI,0.0,2024-2025,Magistr
0.0,TDEI,0.0,2024-2025,Magistr
0.0,SSTDMI,15.0,2024-2025,Magistr
0.0,HAA,0.0,2024-2025,Magistr
0.0,TDU,1732.0,2025-2026,Hünärmen
0.0,HNGU,695.0,2025-2026,Hünärmen
0.0,HYYÖU,0.0,2025-2026,Hünärmen
0.0,TITU,0.0,2025-2026,Hünärmen
0.0,TOHU,440.0,2025-2026,Hünärmen
0.0,TMDDI,0.0,2025-2026,Hünärmen
0.0,TDMal,0.0,2025-2026,Hünärmen
0.0,TDBGI,614.0,2025-2026,Hünärmen
0.0,HGI,416.0,2025-2026,Hünärmen
0.0,TDYDI,0.0,2025-2026,Hünärmen
0.0,TTII,5494.0,2025-2026,Hünärmen
0.0,TDLU,1000.0,2025-2026,Hünärmen
0.0,TDBSI,650.0,2025-2026,Hünärmen
0.0,TDMI,0.0,2025-2026,Hünärmen
0.0,TMK,840.0,2025-2026,Hünärmen
0.0,TDÇA,852.0,2025-2026,Hünärmen
0.0,TITUKI,356.0,2025-2026,Hünärmen
0.0,TOHI,978.0,2025-2026,Hünärmen
0.0,TDEI,1958.0,2025-2026,Hünärmen
0.0,SSTDMI,5393.0,2025-2026,Hünärmen
0.0,HAA,38.0,2025-2026,Hünärmen
0.0,TDU,110.0,2025-2026,Bakalawr
0.0,HNGU,605.0,2025-2026,Bakalawr
0.0,HYYÖU,2114.0,2025-2026,Bakalawr
0.0,TITU,0.0,2025-2026,Bakalawr
0.0,TOHU,0.0,2025-2026,Bakalawr
0.0,TMDDI,4426.0,2025-2026,Bakalawr
0.0,TDMal,440.0,2025-2026,Bakalawr
0.0,TDBGI,426.0,2025-2026,Bakalawr
0.0,HGI,236.0,2025-2026,Bakalawr
0.0,TDYDI,920.0,2025-2026,Bakalawr
0.0,TTII,124.0,2025-2026,Bakalawr
0.0,TDLU,0.0,2025-2026,Bakalawr
0.0,TDBSI,0.0,2025-2026,Bakalawr
0.0,TDMI,420.0,2025-2026,Bakalawr
0.0,TMK,0.0,2025-2026,Bakalawr
0.0,TDÇA,0.0,2025-2026,Bakalawr
0.0,TITUKI,0.0,2025-2026,Bakalawr
0.0,TOHI,781.0,2025-2026,Bakalawr
0.0,TDEI,1114.0,2025-2026,Bakalawr
0.0,SSTDMI,358.0,2025-2026,Bakalawr
0.0,HAA,112.0,2025-2026,Bakalawr
0.0,TDU,25.0,2025-2026,Magistr
0.0,HNGU,23.0,2025-2026,Magistr
0.0,HYYÖU,48.0,2025-2026,Magistr
0.0,TITU,0.0,2025-2026,Magistr
0.0,TOHU,0.0,2025-2026,Magistr
0.0,TMDDI,80.0,2025-2026,Magistr
0.0,TDMal,40.0,2025-2026,Magistr
0.0,TDBGI,15.0,2025-2026,Magistr
0.0,HGI,78.0,2025-2026,Magistr
0.0,TDYDI,100.0,2025-2026,Magistr
0.0,TTII,0.0,2025-2026,Magistr
0.0,TDLU,0.0,2025-2026,Magistr
0.0,TDBSI,0.0,2025-2026,Magistr
0.0,TDMI,20.0,2025-2026,Magistr
0.0,TMK,0.0,2025-2026,Magistr
0.0,TDÇA,0.0,2025-2026,Magistr
0.0,TITUKI,0.0,2025-2026,Magistr
0.0,TOHI,0.0,2025-2026,Magistr
0.0,TDEI,15.0,2025-2026,Magistr
0.0,SSTDMI,25.0,2025-2026,Magistr
0.0,HAA,0.0,2025-2026,Magistr
0.0,TDU,1741.0,2026-2027,Hünärmen
0.0,HNGU,695.0,2026-2027,Hünärmen
0.0,HYYÖU,0.0,2026-2027,Hünärmen
0.0,TITU,0.0,2026-2027,Hünärmen
0.0,TOHU,0.0,2026-2027,Hünärmen
0.0,TMDDI,20.0,2026-2027,Hünärmen
0.0,TDMal,0.0,2026-2027,Hünärmen
0.0,TDBGI,0.0,2026-2027,Hünärmen
0.0,HGI,423.0,2026-2027,Hünärmen
0.0,TDYDI,0.0,2026-2027,Hünärmen
0.0,TTII,5540.0,2026-2027,Hünärmen
0.0,TDLU,1000.0,2026-2027,Hünärmen
0.0,TDBSI,650.0,2026-2027,Hünärmen
0.0,TDMI,0.0,2026-2027,Hünärmen
0.0,TMK,846.0,2026-2027,Hünärmen
0.0,TDÇA,869.0,2026-2027,Hünärmen
0.0,TITUKI,0.0,2026-2027,Hünärmen
0.0,TOHI,0.0,2026-2027,Hünärmen
0.0,TDEI,1778.0,2026-2027,Hünärmen
0.0,SSTDMI,5393.0,2026-2027,Hünärmen
0.0,HAA,38.0,2026-2027,Hünärmen
0.0,TDU,110.0,2026-2027,Bakalawr
0.0,HNGU,605.0,2026-2027,Bakalawr
0.0,HYYÖU,0.0,2026-2027,Bakalawr
0.0,TITU,0.0,2026-2027,Bakalawr
0.0,TOHU,0.0,2026-2027,Bakalawr
0.0,TMDDI,4412.0,2026-2027,Bakalawr
0.0,TDMal,460.0,2026-2027,Bakalawr
0.0,TDBGI,0.0,2026-2027,Bakalawr
0.0,HGI,240.0,2026-2027,Bakalawr
0.0,TDYDI,0.0,2026-2027,Bakalawr
0.0,TTII,129.0,2026-2027,Bakalawr
0.0,TDLU,0.0,2026-2027,Bakalawr
0.0,TDBSI,0.0,2026-2027,Bakalawr
0.0,TDMI,440.0,2026-2027,Bakalawr
0.0,TMK,0.0,2026-2027,Bakalawr
0.0,TDÇA,0.0,2026-2027,Bakalawr
0.0,TITUKI,0.0,2026-2027,Bakalawr
0.0,TOHI,0.0,2026-2027,Bakalawr
0.0,TDEI,1115.0,2026-2027,Bakalawr
0.0,SSTDMI,358.0,2026-2027,Bakalawr
0.0,HAA,112.0,2026-2027,Bakalawr
0.0,TDU,45.0,2026-2027,Magistr
0.0,HNGU,23.0,2026-2027,Magistr
0.0,HYYÖU,0.0,2026-2027,Magistr
0.0,TITU,0.0,2026-2027,Magistr
0.0,TOHU,0.0,2026-2027,Magistr
0.0,TMDDI,80.0,2026-2027,Magistr
0.0,TDMal,60.0,2026-2027,Magistr
0.0,TDBGI,45.0,2026-2027,Magistr
0.0,HGI,78.0,2026-2027,Magistr
0.0,TDYDI,0.0,2026-2027,Magistr
0.0,TTII,0.0,2026-2027,Magistr
0.0,TDLU,0.0,2026-2027,Magistr
0.0,TDBSI,0.0,2026-2027,Magistr
0.0,TDMI,20.0,2026-2027,Magistr
0.0,TMK,0.0,2026-2027,Magistr
0.0,TDÇA,0.0,2026-2027,Magistr
0.0,TITUKI,0.0,2026-2027,Magistr
0.0,TOHI,0.0,2026-2027,Magistr
0.0,TDEI,30.0,2026-2027,Magistr
0.0,SSTDMI,25.0,2026-2027,Magistr
0.0,HAA,0.0,2026-2027,Magistr
0.0,TDU,1750.0,2027-2028,Hünärmen
0.0,HNGU,695.0,2027-2028,Hünärmen
0.0,HYYÖU,0.0,2027-2028,Hünärmen
0.0,TITU,0.0,2027-2028,Hünärmen
0.0,TOHU,0.0,2027-2028,Hünärmen
0.0,TMDDI,40.0,2027-2028,Hünärmen
0.0,TDMal,0.0,2027-2028,Hünärmen
0.0,TDBGI,0.0,2027-2028,Hünärmen
0.0,HGI,422.0,2027-2028,Hünärmen
0.0,TDYDI,0.0,2027-2028,Hünärmen
0.0,TTII,5569.0,2027-2028,Hünärmen
0.0,TDLU,1000.0,2027-2028,Hünärmen
0.0,TDBSI,650.0,2027-2028,Hünärmen
0.0,TDMI,0.0,2027-2028,Hünärmen
0.0,TMK,849.0,2027-2028,Hünärmen
0.0,TDÇA,881.0,2027-2028,Hünärmen
0.0,TITUKI,0.0,2027-2028,Hünärmen
0.0,TOHI,0.0,2027-2028,Hünärmen
0.0,TDEI,1782.0,2027-2028,Hünärmen
0.0,SSTDMI,5393.0,2027-2028,Hünärmen
0.0,HAA,38.0,2027-2028,Hünärmen
0.0,TDU,110.0,2027-2028,Bakalawr
0.0,HNGU,605.0,2027-2028,Bakalawr
0.0,HYYÖU,0.0,2027-2028,Bakalawr
0.0,TITU,0.0,2027-2028,Bakalawr
0.0,TOHU,0.0,2027-2028,Bakalawr
0.0,TMDDI,4396.0,2027-2028,Bakalawr
0.0,TDMal,460.0,2027-2028,Bakalawr
0.0,TDBGI,0.0,2027-2028,Bakalawr
0.0,HGI,236.0,2027-2028,Bakalawr
0.0,TDYDI,0.0,2027-2028,Bakalawr
0.0,TTII,130.0,2027-2028,Bakalawr
0.0,TDLU,0.0,2027-2028,Bakalawr
0.0,TDBSI,0.0,2027-2028,Bakalawr
0.0,TDMI,440.0,2027-2028,Bakalawr
0.0,TMK,0.0,2027-2028,Bakalawr
0.0,TDÇA,0.0,2027-2028,Bakalawr
0.0,TITUKI,0.0,2027-2028,Bakalawr
0.0,TOHI,0.0,2027-2028,Bakalawr
0.0,TDEI,1117.0,2027-2028,Bakalawr
0.0,SSTDMI,358.0,2027-2028,Bakalawr
0.0,HAA,112.0,2027-2028,Bakalawr
0.0,TDU,45.0,2027-2028,Magistr
0.0,HNGU,23.0,2027-2028,Magistr
0.0,HYYÖU,0.0,2027-2028,Magistr
0.0,TITU,0.0,2027-2028,Magistr
0.0,TOHU,0.0,2027-2028,Magistr
0.0,TMDDI,80.0,2027-2028,Magistr
0.0,TDMal,60.0,2027-2028,Magistr
0.0,TDBGI,0.0,2027-2028,Magistr
0.0,HGI,78.0,2027-2028,Magistr
0.0,TDYDI,0.0,2027-2028,Magistr
0.0,TTII,0.0,2027-2028,Magistr
0.0,TDLU,0.0,2027-2028,Magistr
0.0,TDBSI,0.0,2027-2028,Magistr
0.0,TDMI,20.0,2027-2028,Magistr
0.0,TMK,0.0,2027-2028,Magistr
0.0,TDÇA,0.0,2027-2028,Magistr
0.0,TITUKI,0.0,2027-2028,Magistr
0.0,TOHI,0.0,2027-2028,Magistr
0.0,TDEI,45.0,2027-2028,Magistr
0.0,SSTDMI,25.0,2027-2028,Magistr
0.0,HAA,10.0,2027-2028,Magistr
0.0,TDU,1784.0,2028-2029,Hünärmen
0.0,HNGU,695.0,2028-2029,Hünärmen
0.0,HYYÖU,0.0,2028-2029,Hünärmen
0.0,TITU,0.0,2028-2029,Hünärmen
0.0,TOHU,0.0,2028-2029,Hünärmen
0.0,TMDDI,60.0,2028-2029,Hünärmen
0.0,TDMal,0.0,2028-2029,Hünärmen
0.0,TDBGI,0.0,2028-2029,Hünärmen
0.0,HGI,420.0,2028-2029,Hünärmen
0.0,TDYDI,0.0,2028-2029,Hünärmen
0.0,TTII,5585.0,2028-2029,Hünärmen
0.0,TDLU,1000.0,2028-2029,Hünärmen
0.0,TDBSI,650.0,2028-2029,Hünärmen
0.0,TDMI,0.0,2028-2029,Hünärmen
0.0,TMK,850.0,2028-2029,Hünärmen
0.0,TDÇA,888.0,2028-2029,Hünärmen
0.0,TITUKI,0.0,2028-2029,Hünärmen
0.0,TOHI,0.0,2028-2029,Hünärmen
0.0,TDEI,1785.0,2028-2029,Hünärmen
0.0,SSTDMI,5393.0,2028-2029,Hünärmen
0.0,HAA,38.0,2028-2029,Hünärmen
0.0,TDU,110.0,2028-2029,Bakalawr
0.0,HNGU,605.0,2028-2029,Bakalawr
0.0,HYYÖU,0.0,2028-2029,Bakalawr
0.0,TITU,0.0,2028-2029,Bakalawr
0.0,TOHU,0.0,2028-2029,Bakalawr
0.0,TMDDI,4376.0,2028-2029,Bakalawr
0.0,TDMal,460.0,2028-2029,Bakalawr
0.0,TDBGI,0.0,2028-2029,Bakalawr
0.0,HGI,240.0,2028-2029,Bakalawr
0.0,TDYDI,0.0,2028-2029,Bakalawr
0.0,TTII,130.0,2028-2029,Bakalawr
0.0,TDLU,0.0,2028-2029,Bakalawr
0.0,TDBSI,0.0,2028-2029,Bakalawr
0.0,TDMI,440.0,2028-2029,Bakalawr
0.0,TMK,0.0,2028-2029,Bakalawr
0.0,TDÇA,0.0,2028-2029,Bakalawr
0.0,TITUKI,0.0,2028-2029,Bakalawr
0.0,TOHI,0.0,2028-2029,Bakalawr
0.0,TDEI,1117.0,2028-2029,Bakalawr
0.0,SSTDMI,358.0,2028-2029,Bakalawr
0.0,HAA,112.0,2028-2029,Bakalawr
0.0,TDU,85.0,2028-2029,Magistr
0.0,HNGU,23.0,2028-2029,Magistr
0.0,HYYÖU,0.0,2028-2029,Magistr
0.0,TITU,0.0,2028-2029,Magistr
0.0,TOHU,0.0,2028-2029,Magistr
0.0,TMDDI,80.0,2028-2029,Magistr
0.0,TDMal,60.0,2028-2029,Magistr
0.0,TDBGI,0.0,2028-2029,Magistr
0.0,HGI,78.0,2028-2029,Magistr
0.0,TDYDI,0.0,2028-2029,Magistr
0.0,TTII,0.0,2028-2029,Magistr
0.0,TDLU,0.0,2028-2029,Magistr
0.0,TDBSI,0.0,2028-2029,Magistr
0.0,TDMI,20.0,2028-2029,Magistr
0.0,TMK,0.0,2028-2029,Magistr
0.0,TDÇA,0.0,2028-2029,Magistr
0.0,TITUKI,0.0,2028-2029,Magistr
0.0,TOHI,0.0,2028-2029,Magistr
0.0,TDEI,60.0,2028-2029,Magistr
0.0,SSTDMI,25.0,2028-2029,Magistr
0.0,HAA,10.0,2028-2029,Magistr
0.0,TDU,1794.0,2029-2030,Hünärmen
0.0,HNGU,695.0,2029-2030,Hünärmen
0.0,HYYÖU,0.0,2029-2030,Hünärmen
0.0,TITU,0.0,2029-2030,Hünärmen
0.0,TOHU,0.0,2029-2030,Hünärmen
0.0,TMDDI,80.0,2029-2030,Hünärmen
0.0,TDMal,0.0,2029-2030,Hünärmen
0.0,TDBGI,0.0,2029-2030,Hünärmen
0.0,HGI,420.0,2029-2030,Hünärmen
0.0,TDYDI,0.0,2029-2030,Hünärmen
0.0,TTII,5590.0,2029-2030,Hünärmen
0.0,TDLU,1000.0,2029-2030,Hünärmen
0.0,TDBSI,650.0,2029-2030,Hünärmen
0.0,TDMI,0.0,2029-2030,Hünärmen
0.0,TMK,851.0,2029-2030,Hünärmen
0.0,TDÇA,898.0,2029-2030,Hünärmen
0.0,TITUKI,0.0,2029-2030,Hünärmen
0.0,TOHI,0.0,2029-2030,Hünärmen
0.0,TDEI,1805.0,2029-2030,Hünärmen
0.0,SSTDMI,5393.0,2029-2030,Hünärmen
0.0,HAA,38.0,2029-2030,Hünärmen
0.0,TDU,130.0,2029-2030,Bakalawr
0.0,HNGU,605.0,2029-2030,Bakalawr
0.0,HYYÖU,0.0,2029-2030,Bakalawr
0.0,TITU,0.0,2029-2030,Bakalawr
0.0,TOHU,0.0,2029-2030,Bakalawr
0.0,TMDDI,4356.0,2029-2030,Bakalawr
0.0,TDMal,460.0,2029-2030,Bakalawr
0.0,TDBGI,0.0,2029-2030,Bakalawr
0.0,HGI,240.0,2029-2030,Bakalawr
0.0,TDYDI,0.0,2029-2030,Bakalawr
0.0,TTII,130.0,2029-2030,Bakalawr
0.0,TDLU,0.0,2029-2030,Bakalawr
0.0,TDBSI,0.0,2029-2030,Bakalawr
0.0,TDMI,440.0,2029-2030,Bakalawr
0.0,TMK,0.0,2029-2030,Bakalawr
0.0,TDÇA,0.0,2029-2030,Bakalawr
0.0,TITUKI,0.0,2029-2030,Bakalawr
0.0,TOHI,0.0,2029-2030,Bakalawr
0.0,TDEI,1117.0,2029-2030,Bakalawr
0.0,SSTDMI,358.0,2029-2030,Bakalawr
0.0,HAA,112.0,2029-2030,Bakalawr
0.0,TDU,85.0,2029-2030,Magistr
0.0,HNGU,23.0,2029-2030,Magistr
0.0,HYYÖU,0.0,2029-2030,Magistr
0.0,TITU,0.0,2029-2030,Magistr
0.0,TOHU,0.0,2029-2030,Magistr
0.0,TMDDI,80.0,2029-2030,Magistr
0.0,TDMal,60.0,2029-2030,Magistr
0.0,TDBGI,0.0,2029-2030,Magistr
0.0,HGI,78.0,2029-2030,Magistr
0.0,TDYDI,0.0,2029-2030,Magistr
0.0,TTII,0.0,2029-2030,Magistr
0.0,TDLU,0.0,2029-2030,Magistr
0.0,TDBSI,0.0,2029-2030,Magistr
0.0,TDMI,20.0,2029-2030,Magistr
0.0,TMK,0.0,2029-2030,Magistr
0.0,TDÇA,0.0,2029-2030,Magistr
0.0,TITUKI,0.0,2029-2030,Magistr
0.0,TOHI,0.0,2029-2030,Magistr
0.0,TDEI,60.0,2029-2030,Magistr
0.0,SSTDMI,25.0,2029-2030,Magistr
0.0,HAA,10.0,2029-2030,Magistr
0.0,TDU,1803.0,2030-2031,Hünärmen
0.0,HNGU,695.0,2030-2031,Hünärmen
0.0,HYYÖU,0.0,2030-2031,Hünärmen
0.0,TITU,0.0,2030-2031,Hünärmen
0.0,TOHU,0.0,2030-2031,Hünärmen
0.0,TMDDI,100.0,2030-2031,Hünärmen
0.0,TDMal,0.0,2030-2031,Hünärmen
0.0,TDBGI,0.0,2030-2031,Hünärmen
0.0,HGI,420.0,2030-2031,Hünärmen
0.0,TDYDI,0.0,2030-2031,Hünärmen
0.0,TTII,5590.0,2030-2031,Hünärmen
0.0,TDLU,1000.0,2030-2031,Hünärmen
0.0,TDBSI,650.0,2030-2031,Hünärmen
0.0,TDMI,0.0,2030-2031,Hünärmen
0.0,TMK,860.0,2030-2031,Hünärmen
0.0,TDÇA,905.0,2030-2031,Hünärmen
0.0,TITUKI,0.0,2030-2031,Hünärmen
0.0,TOHI,0.0,2030-2031,Hünärmen
0.0,TDEI,1830.0,2030-2031,Hünärmen
0.0,SSTDMI,5393.0,2030-2031,Hünärmen
0.0,HAA,40.0,2030-2031,Hünärmen
0.0,TDU,145.0,2030-2031,Bakalawr
0.0,HNGU,605.0,2030-2031,Bakalawr
0.0,HYYÖU,0.0,2030-2031,Bakalawr
0.0,TITU,0.0,2030-2031,Bakalawr
0.0,TOHU,0.0,2030-2031,Bakalawr
0.0,TMDDI,4336.0,2030-2031,Bakalawr
0.0,TDMal,460.0,2030-2031,Bakalawr
0.0,TDBGI,0.0,2030-2031,Bakalawr
0.0,HGI,240.0,2030-2031,Bakalawr
0.0,TDYDI,0.0,2030-2031,Bakalawr
0.0,TTII,130.0,2030-2031,Bakalawr
0.0,TDLU,0.0,2030-2031,Bakalawr
0.0,TDBSI,0.0,2030-2031,Bakalawr
0.0,TDMI,460.0,2030-2031,Bakalawr
0.0,TMK,0.0,2030-2031,Bakalawr
0.0,TDÇA,0.0,2030-2031,Bakalawr
0.0,TITUKI,0.0,2030-2031,Bakalawr
0.0,TOHI,0.0,2030-2031,Bakalawr
0.0,TDEI,1117.0,2030-2031,Bakalawr
0.0,SSTDMI,358.0,2030-2031,Bakalawr
0.0,HAA,120.0,2030-2031,Bakalawr
0.0,TDU,85.0,2030-2031,Magistr
0.0,HNGU,23.0,2030-2031,Magistr
0.0,HYYÖU,0.0,2030-2031,Magistr
0.0,TITU,0.0,2030-2031,Magistr
0.0,TOHU,0.0,2030-2031,Magistr
0.0,TMDDI,80.0,2030-2031,Magistr
0.0,TDMal,60.0,2030-2031,Magistr
0.0,TDBGI,0.0,2030-2031,Magistr
0.0,HGI,78.0,2030-2031,Magistr
0.0,TDYDI,0.0,2030-2031,Magistr
0.0,TTII,0.0,2030-2031,Magistr
0.0,TDLU,0.0,2030-2031,Magistr
0.0,TDBSI,0.0,2030-2031,Magistr
0.0,TDMI,20.0,2030-2031,Magistr
0.0,TMK,0.0,2030-2031,Magistr
0.0,TDÇA,0.0,2030-2031,Magistr
0.0,TITUKI,0.0,2030-2031,Magistr
0.0,TOHI,0.0,2030-2031,Magistr
0.0,TDEI,60.0,2030-2031,Magistr
0.0,SSTDMI,25.0,2030-2031,Magistr
0.0,HAA,20.0,2030-2031,Magistr
0.0,TDU,1812.0,2031-2032,Hünärmen
0.0,HNGU,695.0,2031-2032,Hünärmen
0.0,HYYÖU,0.0,2031-2032,Hünärmen
0.0,TITU,0.0,2031-2032,Hünärmen
0.0,TOHU,0.0,2031-2032,Hünärmen
0.0,TMDDI,120.0,2031-2032,Hünärmen
0.0,TDMal,0.0,2031-2032,Hünärmen
0.0,TDBGI,0.0,2031-2032,Hünärmen
0.0,HGI,441.0,2031-2032,Hünärmen
0.0,TDYDI,0.0,2031-2032,Hünärmen
0.0,TTII,5590.0,2031-2032,Hünärmen
0.0,TDLU,1000.0,2031-2032,Hünärmen
0.0,TDBSI,650.0,2031-2032,Hünärmen
0.0,TDMI,30.0,2031-2032,Hünärmen
0.0,TMK,860.0,2031-2032,Hünärmen
0.0,TDÇA,910.0,2031-2032,Hünärmen
0.0,TITUKI,0.0,2031-2032,Hünärmen
0.0,TOHI,0.0,2031-2032,Hünärmen
0.0,TDEI,1860.0,2031-2032,Hünärmen
0.0,SSTDMI,5393.0,2031-2032,Hünärmen
0.0,HAA,40.0,2031-2032,Hünärmen
0.0,TDU,150.0,2031-2032,Bakalawr
0.0,HNGU,605.0,2031-2032,Bakalawr
0.0,HYYÖU,0.0,2031-2032,Bakalawr
0.0,TITU,0.0,2031-2032,Bakalawr
0.0,TOHU,0.0,2031-2032,Bakalawr
0.0,TMDDI,4316.0,2031-2032,Bakalawr
0.0,TDMal,480.0,2031-2032,Bakalawr
0.0,TDBGI,0.0,2031-2032,Bakalawr
0.0,HGI,240.0,2031-2032,Bakalawr
0.0,TDYDI,0.0,2031-2032,Bakalawr
0.0,TTII,130.0,2031-2032,Bakalawr
0.0,TDLU,0.0,2031-2032,Bakalawr
0.0,TDBSI,0.0,2031-2032,Bakalawr
0.0,TDMI,460.0,2031-2032,Bakalawr
0.0,TMK,0.0,2031-2032,Bakalawr
0.0,TDÇA,0.0,2031-2032,Bakalawr
0.0,TITUKI,0.0,2031-2032,Bakalawr
0.0,TOHI,0.0,2031-2032,Bakalawr
0.0,TDEI,1120.0,2031-2032,Bakalawr
0.0,SSTDMI,358.0,2031-2032,Bakalawr
0.0,HAA,120.0,2031-2032,Bakalawr
0.0,TDU,95.0,2031-2032,Magistr
0.0,HNGU,23.0,2031-2032,Magistr
0.0,HYYÖU,0.0,2031-2032,Magistr
0.0,TITU,0.0,2031-2032,Magistr
0.0,TOHU,0.0,2031-2032,Magistr
0.0,TMDDI,80.0,2031-2032,Magistr
0.0,TDMal,80.0,2031-2032,Magistr
0.0,TDBGI,60.0,2031-2032,Magistr
0.0,HGI,90.0,2031-2032,Magistr
0.0,TDYDI,0.0,2031-2032,Magistr
0.0,TTII,0.0,2031-2032,Magistr
0.0,TDLU,0.0,2031-2032,Magistr
0.0,TDBSI,0.0,2031-2032,Magistr
0.0,TDMI,20.0,2031-2032,Magistr
0.0,TMK,0.0,2031-2032,Magistr
0.0,TDÇA,0.0,2031-2032,Magistr
0.0,TITUKI,0.0,2031-2032,Magistr
0.0,TOHI,0.0,2031-2032,Magistr
0.0,TDEI,60.0,2031-2032,Magistr
0.0,SSTDMI,25.0,2031-2032,Magistr
0.0,HAA,20.0,2031-2032,Magistr
0.0,TDU,1822.0,2032-2033,Hünärmen
0.0,HNGU,695.0,2032-2033,Hünärmen
0.0,HYYÖU,0.0,2032-2033,Hünärmen
0.0,TITU,0.0,2032-2033,Hünärmen
0.0,TOHU,0.0,2032-2033,Hünärmen
0.0,TMDDI,140.0,2032-2033,Hünärmen
0.0,TDMal,0.0,2032-2033,Hünärmen
0.0,TDBGI,0.0,2032-2033,Hünärmen
0.0,HGI,441.0,2032-2033,Hünärmen
0.0,TDYDI,0.0,2032-2033,Hünärmen
0.0,TTII,5590.0,2032-2033,Hünärmen
0.0,TDLU,1000.0,2032-2033,Hünärmen
0.0,TDBSI,650.0,2032-2033,Hünärmen
0.0,TDMI,30.0,2032-2033,Hünärmen
0.0,TMK,860.0,2032-2033,Hünärmen
0.0,TDÇA,910.0,2032-2033,Hünärmen
0.0,TITUKI,0.0,2032-2033,Hünärmen
0.0,TOHI,0.0,2032-2033,Hünärmen
0.0,TDEI,1880.0,2032-2033,Hünärmen
0.0,SSTDMI,5393.0,2032-2033,Hünärmen
0.0,HAA,40.0,2032-2033,Hünärmen
0.0,TDU,150.0,2032-2033,Bakalawr
0.0,HNGU,605.0,2032-2033,Bakalawr
0.0,HYYÖU,0.0,2032-2033,Bakalawr
0.0,TITU,0.0,2032-2033,Bakalawr
0.0,TOHU,0.0,2032-2033,Bakalawr
0.0,TMDDI,4296.0,2032-2033,Bakalawr
0.0,TDMal,480.0,2032-2033,Bakalawr
0.0,TDBGI,0.0,2032-2033,Bakalawr
0.0,HGI,240.0,2032-2033,Bakalawr
0.0,TDYDI,0.0,2032-2033,Bakalawr
0.0,TTII,130.0,2032-2033,Bakalawr
0.0,TDLU,0.0,2032-2033,Bakalawr
0.0,TDBSI,0.0,2032-2033,Bakalawr
0.0,TDMI,460.0,2032-2033,Bakalawr
0.0,TMK,0.0,2032-2033,Bakalawr
0.0,TDÇA,0.0,2032-2033,Bakalawr
0.0,TITUKI,0.0,2032-2033,Bakalawr
0.0,TOHI,0.0,2032-2033,Bakalawr
0.0,TDEI,1137.0,2032-2033,Bakalawr
0.0,SSTDMI,358.0,2032-2033,Bakalawr
0.0,HAA,120.0,2032-2033,Bakalawr
0.0,TDU,95.0,2032-2033,Magistr
0.0,HNGU,23.0,2032-2033,Magistr
0.0,HYYÖU,0.0,2032-2033,Magistr
0.0,TITU,0.0,2032-2033,Magistr
0.0,TOHU,0.0,2032-2033,Magistr
0.0,TMDDI,80.0,2032-2033,Magistr
0.0,TDMal,80.0,2032-2033,Magistr
0.0,TDBGI,0.0,2032-2033,Magistr
0.0,HGI,90.0,2032-2033,Magistr
0.0,TDYDI,0.0,2032-2033,Magistr
0.0,TTII,0.0,2032-2033,Magistr
0.0,TDLU,0.0,2032-2033,Magistr
0.0,TDBSI,0.0,2032-2033,Magistr
0.0,TDMI,20.0,2032-2033,Magistr
0.0,TMK,0.0,2032-2033,Magistr
0.0,TDÇA,0.0,2032-2033,Magistr
0.0,TITUKI,0.0,2032-2033,Magistr
0.0,TOHI,0.0,2032-2033,Magistr
0.0,TDEI,60.0,2032-2033,Magistr
0.0,SSTDMI,25.0,2032-2033,Magistr
0.0,HAA,20.0,2032-2033,Magistr
0.0,TDU,1831.0,2033-2034,Hünärmen
0.0,HNGU,695.0,2033-2034,Hünärmen
0.0,HYYÖU,0.0,2033-2034,Hünärmen
0.0,TITU,0.0,2033-2034,Hünärmen
0.0,TOHU,0.0,2033-2034,Hünärmen
0.0,TMDDI,160.0,2033-2034,Hünärmen
0.0,TDMal,0.0,2033-2034,Hünärmen
0.0,TDBGI,0.0,2033-2034,Hünärmen
0.0,HGI,441.0,2033-2034,Hünärmen
0.0,TDYDI,0.0,2033-2034,Hünärmen
0.0,TTII,5590.0,2033-2034,Hünärmen
0.0,TDLU,1000.0,2033-2034,Hünärmen
0.0,TDBSI,650.0,2033-2034,Hünärmen
0.0,TDMI,30.0,2033-2034,Hünärmen
0.0,TMK,860.0,2033-2034,Hünärmen
0.0,TDÇA,910.0,2033-2034,Hünärmen
0.0,TITUKI,0.0,2033-2034,Hünärmen
0.0,TOHI,0.0,2033-2034,Hünärmen
0.0,TDEI,1880.0,2033-2034,Hünärmen
0.0,SSTDMI,5393.0,2033-2034,Hünärmen
0.0,HAA,40.0,2033-2034,Hünärmen
0.0,TDU,151.0,2033-2034,Bakalawr
0.0,HNGU,605.0,2033-2034,Bakalawr
0.0,HYYÖU,0.0,2033-2034,Bakalawr
0.0,TITU,0.0,2033-2034,Bakalawr
0.0,TOHU,0.0,2033-2034,Bakalawr
0.0,TMDDI,4276.0,2033-2034,Bakalawr
0.0,TDMal,480.0,2033-2034,Bakalawr
0.0,TDBGI,0.0,2033-2034,Bakalawr
0.0,HGI,240.0,2033-2034,Bakalawr
0.0,TDYDI,0.0,2033-2034,Bakalawr
0.0,TTII,130.0,2033-2034,Bakalawr
0.0,TDLU,0.0,2033-2034,Bakalawr
0.0,TDBSI,0.0,2033-2034,Bakalawr
0.0,TDMI,460.0,2033-2034,Bakalawr
0.0,TMK,0.0,2033-2034,Bakalawr
0.0,TDÇA,0.0,2033-2034,Bakalawr
0.0,TITUKI,0.0,2033-2034,Bakalawr
0.0,TOHI,0.0,2033-2034,Bakalawr
0.0,TDEI,1137.0,2033-2034,Bakalawr
0.0,SSTDMI,358.0,2033-2034,Bakalawr
0.0,HAA,120.0,2033-2034,Bakalawr
0.0,TDU,95.0,2033-2034,Magistr
0.0,HNGU,23.0,2033-2034,Magistr
0.0,HYYÖU,0.0,2033-2034,Magistr
0.0,TITU,0.0,2033-2034,Magistr
0.0,TOHU,0.0,2033-2034,Magistr
0.0,TMDDI,80.0,2033-2034,Magistr
0.0,TDMal,80.0,2033-2034,Magistr
0.0,TDBGI,0.0,2033-2034,Magistr
0.0,HGI,90.0,2033-2034,Magistr
0.0,TDYDI,0.0,2033-2034,Magistr
0.0,TTII,0.0,2033-2034,Magistr
0.0,TDLU,0.0,2033-2034,Magistr
0.0,TDBSI,0.0,2033-2034,Magistr
0.0,TDMI,20.0,2033-2034,Magistr
0.0,TMK,0.0,2033-2034,Magistr
0.0,TDÇA,0.0,2033-2034,Magistr
0.0,TITUKI,0.0,2033-2034,Magistr
0.0,TOHI,0.0,2033-2034,Magistr
0.0,TDEI,60.0,2033-2034,Magistr
0.0,SSTDMI,25.0,2033-2034,Magistr
0.0,HAA,20.0,2033-2034,Magistr
0.0,TDU,1841.0,2034-2035,Hünärmen
0.0,HNGU,695.0,2034-2035,Hünärmen
0.0,HYYÖU,0.0,2034-2035,Hünärmen
0.0,TITU,0.0,2034-2035,Hünärmen
0.0,TOHU,0.0,2034-2035,Hünärmen
0.0,TMDDI,180.0,2034-2035,Hünärmen
0.0,TDMal,0.0,2034-2035,Hünärmen
0.0,TDBGI,0.0,2034-2035,Hünärmen
0.0,HGI,441.0,2034-2035,Hünärmen
0.0,TDYDI,0.0,2034-2035,Hünärmen
0.0,TTII,5590.0,2034-2035,Hünärmen
0.0,TDLU,1000.0,2034-2035,Hünärmen
0.0,TDBSI,650.0,2034-2035,Hünärmen
0.0,TDMI,30.0,2034-2035,Hünärmen
0.0,TMK,860.0,2034-2035,Hünärmen
0.0,TDÇA,910.0,2034-2035,Hünärmen
0.0,TITUKI,0.0,2034-2035,Hünärmen
0.0,TOHI,0.0,2034-2035,Hünärmen
0.0,TDEI,1900.0,2034-2035,Hünärmen
0.0,SSTDMI,5393.0,2034-2035,Hünärmen
0.0,HAA,40.0,2034-2035,Hünärmen
0.0,TDU,151.0,2034-2035,Bakalawr
0.0,HNGU,605.0,2034-2035,Bakalawr
0.0,HYYÖU,0.0,2034-2035,Bakalawr
0.0,TITU,0.0,2034-2035,Bakalawr
0.0,TOHU,0.0,2034-2035,Bakalawr
0.0,TMDDI,4256.0,2034-2035,Bakalawr
0.0,TDMal,480.0,2034-2035,Bakalawr
0.0,TDBGI,0.0,2034-2035,Bakalawr
0.0,HGI,240.0,2034-2035,Bakalawr
0.0,TDYDI,0.0,2034-2035,Bakalawr
0.0,TTII,130.0,2034-2035,Bakalawr
0.0,TDLU,0.0,2034-2035,Bakalawr
0.0,TDBSI,0.0,2034-2035,Bakalawr
0.0,TDMI,460.0,2034-2035,Bakalawr
0.0,TMK,0.0,2034-2035,Bakalawr
0.0,TDÇA,0.0,2034-2035,Bakalawr
0.0,TITUKI,0.0,2034-2035,Bakalawr
0.0,TOHI,0.0,2034-2035,Bakalawr
0.0,TDEI,1157.0,2034-2035,Bakalawr
0.0,SSTDMI,358.0,2034-2035,Bakalawr
0.0,HAA,120.0,2034-2035,Bakalawr
0.0,TDU,95.0,2034-2035,Magistr
0.0,HNGU,23.0,2034-2035,Magistr
0.0,HYYÖU,0.0,2034-2035,Magistr
0.0,TITU,0.0,2034-2035,Magistr
0.0,TOHU,0.0,2034-2035,Magistr
0.0,TMDDI,80.0,2034-2035,Magistr
0.0,TDMal,80.0,2034-2035,Magistr
0.0,TDBGI,0.0,2034-2035,Magistr
0.0,HGI,90.0,2034-2035,Magistr
0.0,TDYDI,0.0,2034-2035,Magistr
0.0,TTII,0.0,2034-2035,Magistr
0.0,TDLU,0.0,2034-2035,Magistr
0.0,TDBSI,0.0,2034-2035,Magistr
0.0,TDMI,20.0,2034-2035,Magistr
0.0,TMK,0.0,2034-2035,Magistr
0.0,TDÇA,0.0,2034-2035,Magistr
0.0,TITUKI,0.0,2034-2035,Magistr
0.0,TOHI,0.0,2034-2035,Magistr
0.0,TDEI,60.0,2034-2035,Magistr
0.0,SSTDMI,25.0,2034-2035,Magistr
0.0,HAA,20.0,2034-2035,Magistr
0.0,TDU,1850.0,2035-2036,Hünärmen
0.0,HNGU,695.0,2035-2036,Hünärmen
0.0,HYYÖU,0.0,2035-2036,Hünärmen
0.0,TITU,0.0,2035-2036,Hünärmen
0.0,TOHU,0.0,2035-2036,Hünärmen
0.0,TMDDI,200.0,2035-2036,Hünärmen
0.0,TDMal,0.0,2035-2036,Hünärmen
0.0,TDBGI,0.0,2035-2036,Hünärmen
0.0,HGI,441.0,2035-2036,Hünärmen
0.0,TDYDI,0.0,2035-2036,Hünärmen
0.0,TTII,5590.0,2035-2036,Hünärmen
0.0,TDLU,1000.0,2035-2036,Hünärmen
0.0,TDBSI,650.0,2035-2036,Hünärmen
0.0,TDMI,30.0,2035-2036,Hünärmen
0.0,TMK,860.0,2035-2036,Hünärmen
0.0,TDÇA,910.0,2035-2036,Hünärmen
0.0,TITUKI,0.0,2035-2036,Hünärmen
0.0,TOHI,0.0,2035-2036,Hünärmen
0.0,TDEI,1900.0,2035-2036,Hünärmen
0.0,SSTDMI,5393.0,2035-2036,Hünärmen
0.0,HAA,40.0,2035-2036,Hünärmen
0.0,TDU,166.0,2035-2036,Bakalawr
0.0,HNGU,605.0,2035-2036,Bakalawr
0.0,HYYÖU,0.0,2035-2036,Bakalawr
0.0,TITU,0.0,2035-2036,Bakalawr
0.0,TOHU,0.0,2035-2036,Bakalawr
0.0,TMDDI,4236.0,2035-2036,Bakalawr
0.0,TDMal,480.0,2035-2036,Bakalawr
0.0,TDBGI,0.0,2035-2036,Bakalawr
0.0,HGI,240.0,2035-2036,Bakalawr
0.0,TDYDI,0.0,2035-2036,Bakalawr
0.0,TTII,130.0,2035-2036,Bakalawr
0.0,TDLU,0.0,2035-2036,Bakalawr
0.0,TDBSI,0.0,2035-2036,Bakalawr
0.0,TDMI,460.0,2035-2036,Bakalawr
0.0,TMK,0.0,2035-2036,Bakalawr
0.0,TDÇA,0.0,2035-2036,Bakalawr
0.0,TITUKI,0.0,2035-2036,Bakalawr
0.0,TOHI,0.0,2035-2036,Bakalawr
0.0,TDEI,1157.0,2035-2036,Bakalawr
0.0,SSTDMI,358.0,2035-2036,Bakalawr
0.0,HAA,120.0,2035-2036,Bakalawr
0.0,TDU,95.0,2035-2036,Magistr
0.0,HNGU,23.0,2035-2036,Magistr
0.0,HYYÖU,0.0,2035-2036,Magistr
0.0,TITU,0.0,2035-2036,Magistr
0.0,TOHU,0.0,2035-2036,Magistr
0.0,TMDDI,80.0,2035-2036,Magistr
0.0,TDMal,80.0,2035-2036,Magistr
0.0,TDBGI,0.0,2035-2036,Magistr
0.0,HGI,90.0,2035-2036,Magistr
0.0,TDYDI,0.0,2035-2036,Magistr
0.0,TTII,0.0,2035-2036,Magistr
0.0,TDLU,0.0,2035-2036,Magistr
0.0,TDBSI,0.0,2035-2036,Magistr
0.0,TDMI,20.0,2035-2036,Magistr
0.0,TMK,0.0,2035-2036,Magistr
0.0,TDÇA,0.0,2035-2036,Magistr
0.0,TITUKI,0.0,2035-2036,Magistr
0.0,TOHI,0.0,2035-2036,Magistr
0.0,TDEI,60.0,2035-2036,Magistr
0.0,SSTDMI,25.0,2035-2036,Magistr
0.0,HAA,20.0,2035-2036,Magistr
0.0,TDU,1860.0,2036-2037,Hünärmen
0.0,HNGU,695.0,2036-2037,Hünärmen
0.0,HYYÖU,0.0,2036-2037,Hünärmen
0.0,TITU,0.0,2036-2037,Hünärmen
0.0,TOHU,0.0,2036-2037,Hünärmen
0.0,TMDDI,220.0,2036-2037,Hünärmen
0.0,TDMal,0.0,2036-2037,Hünärmen
0.0,TDBGI,0.0,2036-2037,Hünärmen
0.0,HGI,441.0,2036-2037,Hünärmen
0.0,TDYDI,0.0,2036-2037,Hünärmen
0.0,TTII,5590.0,2036-2037,Hünärmen
0.0,TDLU,1000.0,2036-2037,Hünärmen
0.0,TDBSI,650.0,2036-2037,Hünärmen
0.0,TDMI,30.0,2036-2037,Hünärmen
0.0,TMK,860.0,2036-2037,Hünärmen
0.0,TDÇA,915.0,2036-2037,Hünärmen
0.0,TITUKI,0.0,2036-2037,Hünärmen
0.0,TOHI,0.0,2036-2037,Hünärmen
0.0,TDEI,1930.0,2036-2037,Hünärmen
0.0,SSTDMI,5393.0,2036-2037,Hünärmen
0.0,HAA,40.0,2036-2037,Hünärmen
0.0,TDU,176.0,2036-2037,Bakalawr
0.0,HNGU,605.0,2036-2037,Bakalawr
0.0,HYYÖU,0.0,2036-2037,Bakalawr
0.0,TITU,0.0,2036-2037,Bakalawr
0.0,TOHU,0.0,2036-2037,Bakalawr
0.0,TMDDI,4216.0,2036-2037,Bakalawr
0.0,TDMal,500.0,2036-2037,Bakalawr
0.0,TDBGI,0.0,2036-2037,Bakalawr
0.0,HGI,240.0,2036-2037,Bakalawr
0.0,TDYDI,0.0,2036-2037,Bakalawr
0.0,TTII,130.0,2036-2037,Bakalawr
0.0,TDLU,0.0,2036-2037,Bakalawr
0.0,TDBSI,0.0,2036-2037,Bakalawr
0.0,TDMI,500.0,2036-2037,Bakalawr
0.0,TMK,0.0,2036-2037,Bakalawr
0.0,TDÇA,0.0,2036-2037,Bakalawr
0.0,TITUKI,0.0,2036-2037,Bakalawr
0.0,TOHI,0.0,2036-2037,Bakalawr
0.0,TDEI,1165.0,2036-2037,Bakalawr
0.0,SSTDMI,358.0,2036-2037,Bakalawr
0.0,HAA,120.0,2036-2037,Bakalawr
0.0,TDU,105.0,2036-2037,Magistr
0.0,HNGU,23.0,2036-2037,Magistr
0.0,HYYÖU,0.0,2036-2037,Magistr
0.0,TITU,0.0,2036-2037,Magistr
0.0,TOHU,0.0,2036-2037,Magistr
0.0,TMDDI,80.0,2036-2037,Magistr
0.0,TDMal,80.0,2036-2037,Magistr
0.0,TDBGI,0.0,2036-2037,Magistr
0.0,HGI,90.0,2036-2037,Magistr
0.0,TDYDI,0.0,2036-2037,Magistr
0.0,TTII,0.0,2036-2037,Magistr
0.0,TDLU,0.0,2036-2037,Magistr
0.0,TDBSI,0.0,2036-2037,Magistr
0.0,TDMI,20.0,2036-2037,Magistr
0.0,TMK,0.0,2036-2037,Magistr
0.0,TDÇA,0.0,2036-2037,Magistr
0.0,TITUKI,0.0,2036-2037,Magistr
0.0,TOHI,0.0,2036-2037,Magistr
0.0,TDEI,60.0,2036-2037,Magistr
0.0,SSTDMI,25.0,2036-2037,Magistr
0.0,HAA,20.0,2036-2037,Magistr
0.0,TDU,1870.0,2037-2038,Hünärmen
0.0,HNGU,695.0,2037-2038,Hünärmen
0.0,HYYÖU,0.0,2037-2038,Hünärmen
0.0,TITU,0.0,2037-2038,Hünärmen
0.0,TOHU,0.0,2037-2038,Hünärmen
0.0,TMDDI,240.0,2037-2038,Hünärmen
0.0,TDMal,0.0,2037-2038,Hünärmen
0.0,TDBGI,0.0,2037-2038,Hünärmen
0.0,HGI,441.0,2037-2038,Hünärmen
0.0,TDYDI,0.0,2037-2038,Hünärmen
0.0,TTII,5590.0,2037-2038,Hünärmen
0.0,TDLU,1000.0,2037-2038,Hünärmen
0.0,TDBSI,650.0,2037-2038,Hünärmen
0.0,TDMI,30.0,2037-2038,Hünärmen
0.0,TMK,860.0,2037-2038,Hünärmen
0.0,TDÇA,915.0,2037-2038,Hünärmen
0.0,TITUKI,0.0,2037-2038,Hünärmen
0.0,TOHI,0.0,2037-2038,Hünärmen
0.0,TDEI,1960.0,2037-2038,Hünärmen
0.0,SSTDMI,5393.0,2037-2038,Hünärmen
0.0,HAA,40.0,2037-2038,Hünärmen
0.0,TDU,176.0,2037-2038,Bakalawr
0.0,HNGU,605.0,2037-2038,Bakalawr
0.0,HYYÖU,0.0,2037-2038,Bakalawr
0.0,TITU,0.0,2037-2038,Bakalawr
0.0,TOHU,0.0,2037-2038,Bakalawr
0.0,TMDDI,4196.0,2037-2038,Bakalawr
0.0,TDMal,500.0,2037-2038,Bakalawr
0.0,TDBGI,0.0,2037-2038,Bakalawr
0.0,HGI,240.0,2037-2038,Bakalawr
0.0,TDYDI,0.0,2037-2038,Bakalawr
0.0,TTII,130.0,2037-2038,Bakalawr
0.0,TDLU,0.0,2037-2038,Bakalawr
0.0,TDBSI,0.0,2037-2038,Bakalawr
0.0,TDMI,500.0,2037-2038,Bakalawr
0.0,TMK,0.0,2037-2038,Bakalawr
0.0,TDÇA,0.0,2037-2038,Bakalawr
0.0,TITUKI,0.0,2037-2038,Bakalawr
0.0,TOHI,0.0,2037-2038,Bakalawr
0.0,TDEI,1185.0,2037-2038,Bakalawr
0.0,SSTDMI,358.0,2037-2038,Bakalawr
0.0,HAA,120.0,2037-2038,Bakalawr
0.0,TDU,106.0,2037-2038,Magistr
0.0,HNGU,23.0,2037-2038,Magistr
0.0,HYYÖU,0.0,2037-2038,Magistr
0.0,TITU,0.0,2037-2038,Magistr
0.0,TOHU,0.0,2037-2038,Magistr
0.0,TMDDI,80.0,2037-2038,Magistr
0.0,TDMal,80.0,2037-2038,Magistr
0.0,TDBGI,0.0,2037-2038,Magistr
0.0,HGI,90.0,2037-2038,Magistr
0.0,TDYDI,0.0,2037-2038,Magistr
0.0,TTII,0.0,2037-2038,Magistr
0.0,TDLU,0.0,2037-2038,Magistr
0.0,TDBSI,0.0,2037-2038,Magistr
0.0,TDMI,20.0,2037-2038,Magistr
0.0,TMK,0.0,2037-2038,Magistr
0.0,TDÇA,0.0,2037-2038,Magistr
0.0,TITUKI,0.0,2037-2038,Magistr
0.0,TOHI,0.0,2037-2038,Magistr
0.0,TDEI,60.0,2037-2038,Magistr
0.0,SSTDMI,25.0,2037-2038,Magistr
0.0,HAA,20.0,2037-2038,Magistr
0.0,TDU,1879.0,2038-2039,Hünärmen
0.0,HNGU,695.0,2038-2039,Hünärmen
0.0,HYYÖU,0.0,2038-2039,Hünärmen
0.0,TITU,0.0,2038-2039,Hünärmen
0.0,TOHU,0.0,2038-2039,Hünärmen
0.0,TMDDI,260.0,2038-2039,Hünärmen
0.0,TDMal,0.0,2038-2039,Hünärmen
0.0,TDBGI,0.0,2038-2039,Hünärmen
0.0,HGI,441.0,2038-2039,Hünärmen
0.0,TDYDI,0.0,2038-2039,Hünärmen
0.0,TTII,5590.0,2038-2039,Hünärmen
0.0,TDLU,1000.0,2038-2039,Hünärmen
0.0,TDBSI,650.0,2038-2039,Hünärmen
0.0,TDMI,30.0,2038-2039,Hünärmen
0.0,TMK,860.0,2038-2039,Hünärmen
0.0,TDÇA,915.0,2038-2039,Hünärmen
0.0,TITUKI,0.0,2038-2039,Hünärmen
0.0,TOHI,0.0,2038-2039,Hünärmen
0.0,TDEI,1990.0,2038-2039,Hünärmen
0.0,SSTDMI,5393.0,2038-2039,Hünärmen
0.0,HAA,40.0,2038-2039,Hünärmen
0.0,TDU,176.0,2038-2039,Bakalawr
0.0,HNGU,605.0,2038-2039,Bakalawr
0.0,HYYÖU,0.0,2038-2039,Bakalawr
0.0,TITU,0.0,2038-2039,Bakalawr
0.0,TOHU,0.0,2038-2039,Bakalawr
0.0,TMDDI,4176.0,2038-2039,Bakalawr
0.0,TDMal,500.0,2038-2039,Bakalawr
0.0,TDBGI,0.0,2038-2039,Bakalawr
0.0,HGI,240.0,2038-2039,Bakalawr
0.0,TDYDI,0.0,2038-2039,Bakalawr
0.0,TTII,130.0,2038-2039,Bakalawr
0.0,TDLU,0.0,2038-2039,Bakalawr
0.0,TDBSI,0.0,2038-2039,Bakalawr
0.0,TDMI,500.0,2038-2039,Bakalawr
0.0,TMK,0.0,2038-2039,Bakalawr
0.0,TDÇA,0.0,2038-2039,Bakalawr
0.0,TITUKI,0.0,2038-2039,Bakalawr
0.0,TOHI,0.0,2038-2039,Bakalawr
0.0,TDEI,1200.0,2038-2039,Bakalawr
0.0,SSTDMI,358.0,2038-2039,Bakalawr
0.0,HAA,120.0,2038-2039,Bakalawr
0.0,TDU,106.0,2038-2039,Magistr
0.0,HNGU,23.0,2038-2039,Magistr
0.0,HYYÖU,0.0,2038-2039,Magistr
0.0,TITU,0.0,2038-2039,Magistr
0.0,TOHU,0.0,2038-2039,Magistr
0.0,TMDDI,80.0,2038-2039,Magistr
0.0,TDMal,80.0,2038-2039,Magistr
0.0,TDBGI,0.0,2038-2039,Magistr
0.0,HGI,90.0,2038-2039,Magistr
0.0,TDYDI,0.0,2038-2039,Magistr
0.0,TTII,0.0,2038-2039,Magistr
0.0,TDLU,0.0,2038-2039,Magistr
0.0,TDBSI,0.0,2038-2039,Magistr
0.0,TDMI,20.0,2038-2039,Magistr
0.0,TMK,0.0,2038-2039,Magistr
0.0,TDÇA,0.0,2038-2039,Magistr
0.0,TITUKI,0.0,2038-2039,Magistr
0.0,TOHI,0.0,2038-2039,Magistr
0.0,TDEI,60.0,2038-2039,Magistr
0.0,SSTDMI,25.0,2038-2039,Magistr
0.0,HAA,20.0,2038-2039,Magistr
0.0,TDU,1889.0,2039-2040,Hünärmen
0.0,HNGU,695.0,2039-2040,Hünärmen
0.0,HYYÖU,0.0,2039-2040,Hünärmen
0.0,TITU,0.0,2039-2040,Hünärmen
0.0,TOHU,0.0,2039-2040,Hünärmen
0.0,TMDDI,280.0,2039-2040,Hünärmen
0.0,TDMal,0.0,2039-2040,Hünärmen
0.0,TDBGI,0.0,2039-2040,Hünärmen
0.0,HGI,441.0,2039-2040,Hünärmen
0.0,TDYDI,0.0,2039-2040,Hünärmen
0.0,TTII,5590.0,2039-2040,Hünärmen
0.0,TDLU,1000.0,2039-2040,Hünärmen
0.0,TDBSI,650.0,2039-2040,Hünärmen
0.0,TDMI,30.0,2039-2040,Hünärmen
0.0,TMK,860.0,2039-2040,Hünärmen
0.0,TDÇA,915.0,2039-2040,Hünärmen
0.0,TITUKI,0.0,2039-2040,Hünärmen
0.0,TOHI,0.0,2039-2040,Hünärmen
0.0,TDEI,2020.0,2039-2040,Hünärmen
0.0,SSTDMI,5393.0,2039-2040,Hünärmen
0.0,HAA,50.0,2039-2040,Hünärmen
0.0,TDU,177.0,2039-2040,Bakalawr
0.0,HNGU,605.0,2039-2040,Bakalawr
0.0,HYYÖU,0.0,2039-2040,Bakalawr
0.0,TITU,0.0,2039-2040,Bakalawr
0.0,TOHU,0.0,2039-2040,Bakalawr
0.0,TMDDI,4156.0,2039-2040,Bakalawr
0.0,TDMal,500.0,2039-2040,Bakalawr
0.0,TDBGI,0.0,2039-2040,Bakalawr
0.0,HGI,240.0,2039-2040,Bakalawr
0.0,TDYDI,0.0,2039-2040,Bakalawr
0.0,TTII,130.0,2039-2040,Bakalawr
0.0,TDLU,0.0,2039-2040,Bakalawr
0.0,TDBSI,0.0,2039-2040,Bakalawr
0.0,TDMI,500.0,2039-2040,Bakalawr
0.0,TMK,0.0,2039-2040,Bakalawr
0.0,TDÇA,0.0,2039-2040,Bakalawr
0.0,TITUKI,0.0,2039-2040,Bakalawr
0.0,TOHI,0.0,2039-2040,Bakalawr
0.0,TDEI,1220.0,2039-2040,Bakalawr
0.0,SSTDMI,358.0,2039-2040,Bakalawr
0.0,HAA,130.0,2039-2040,Bakalawr
0.0,TDU,106.0,2039-2040,Magistr
0.0,HNGU,23.0,2039-2040,Magistr
0.0,HYYÖU,0.0,2039-2040,Magistr
0.0,TITU,0.0,2039-2040,Magistr
0.0,TOHU,0.0,2039-2040,Magistr
0.0,TMDDI,80.0,2039-2040,Magistr
0.0,TDMal,80.0,2039-2040,Magistr
0.0,TDBGI,0.0,2039-2040,Magistr
0.0,HGI,90.0,2039-2040,Magistr
0.0,TDYDI,0.0,2039-2040,Magistr
0.0,TTII,0.0,2039-2040,Magistr
0.0,TDLU,0.0,2039-2040,Magistr
0.0,TDBSI,0.0,2039-2040,Magistr
0.0,TDMI,20.0,2039-2040,Magistr
0.0,TMK,0.0,2039-2040,Magistr
0.0,TDÇA,0.0,2039-2040,Magistr
0.0,TITUKI,0.0,2039-2040,Magistr
0.0,TOHI,0.0,2039-2040,Magistr
0.0,TDEI,70.0,2039-2040,Magistr
0.0,SSTDMI,25.0,2039-2040,Magistr
0.0,HAA,30.0,2039-2040,Magistr
0.0,TDU,1899.0,2040-2041,Hünärmen
0.0,HNGU,695.0,2040-2041,Hünärmen
0.0,HYYÖU,0.0,2040-2041,Hünärmen
0.0,TITU,0.0,2040-2041,Hünärmen
0.0,TOHU,0.0,2040-2041,Hünärmen
0.0,TMDDI,300.0,2040-2041,Hünärmen
0.0,TDMal,0.0,2040-2041,Hünärmen
0.0,TDBGI,0.0,2040-2041,Hünärmen
0.0,HGI,441.0,2040-2041,Hünärmen
0.0,TDYDI,0.0,2040-2041,Hünärmen
0.0,TTII,5590.0,2040-2041,Hünärmen
0.0,TDLU,1000.0,2040-2041,Hünärmen
0.0,TDBSI,650.0,2040-2041,Hünärmen
0.0,TDMI,30.0,2040-2041,Hünärmen
0.0,TMK,860.0,2040-2041,Hünärmen
0.0,TDÇA,915.0,2040-2041,Hünärmen
0.0,TITUKI,0.0,2040-2041,Hünärmen
0.0,TOHI,0.0,2040-2041,Hünärmen
0.0,TDEI,2250.0,2040-2041,Hünärmen
0.0,SSTDMI,5393.0,2040-2041,Hünärmen
0.0,HAA,50.0,2040-2041,Hünärmen
0.0,TDU,177.0,2040-2041,Bakalawr
0.0,HNGU,605.0,2040-2041,Bakalawr
0.0,HYYÖU,0.0,2040-2041,Bakalawr
0.0,TITU,0.0,2040-2041,Bakalawr
0.0,TOHU,0.0,2040-2041,Bakalawr
0.0,TMDDI,4136.0,2040-2041,Bakalawr
0.0,TDMal,500.0,2040-2041,Bakalawr
0.0,TDBGI,0.0,2040-2041,Bakalawr
0.0,HGI,240.0,2040-2041,Bakalawr
0.0,TDYDI,0.0,2040-2041,Bakalawr
0.0,TTII,130.0,2040-2041,Bakalawr
0.0,TDLU,0.0,2040-2041,Bakalawr
0.0,TDBSI,0.0,2040-2041,Bakalawr
0.0,TDMI,500.0,2040-2041,Bakalawr
0.0,TMK,0.0,2040-2041,Bakalawr
0.0,TDÇA,0.0,2040-2041,Bakalawr
0.0,TITUKI,0.0,2040-2041,Bakalawr
0.0,TOHI,0.0,2040-2041,Bakalawr
0.0,TDEI,1235.0,2040-2041,Bakalawr
0.0,SSTDMI,358.0,2040-2041,Bakalawr
0.0,HAA,130.0,2040-2041,Bakalawr
0.0,TDU,106.0,2040-2041,Magistr
0.0,HNGU,23.0,2040-2041,Magistr
0.0,HYYÖU,0.0,2040-2041,Magistr
0.0,TITU,0.0,2040-2041,Magistr
0.0,TOHU,0.0,2040-2041,Magistr
0.0,TMDDI,80.0,2040-2041,Magistr
0.0,TDMal,80.0,2040-2041,Magistr
0.0,TDBGI,0.0,2040-2041,Magistr
0.0,HGI,90.0,2040-2041,Magistr
0.0,TDYDI,0.0,2040-2041,Magistr
0.0,TTII,0.0,2040-2041,Magistr
0.0,TDLU,0.0,2040-2041,Magistr
0.0,TDBSI,0.0,2040-2041,Magistr
0.0,TDMI,20.0,2040-2041,Magistr
0.0,TMK,0.0,2040-2041,Magistr
0.0,TDÇA,0.0,2040-2041,Magistr
0.0,TITUKI,0.0,2040-2041,Magistr
0.0,TOHI,0.0,2040-2041,Magistr
0.0,TDEI,70.0,2040-2041,Magistr
0.0,SSTDMI,25.0,2040-2041,Magistr
0.0,HAA,30.0,2040-2041,Magistr
0.0,TDU,1924.0,2041-2042,Hünärmen
0.0,HNGU,695.0,2041-2042,Hünärmen
0.0,HYYÖU,0.0,2041-2042,Hünärmen
0.0,TITU,0.0,2041-2042,Hünärmen
0.0,TOHU,0.0,2041-2042,Hünärmen
0.0,TMDDI,310.0,2041-2042,Hünärmen
0.0,TDMal,0.0,2041-2042,Hünärmen
0.0,TDBGI,0.0,2041-2042,Hünärmen
0.0,HGI,441.0,2041-2042,Hünärmen
0.0,TDYDI,0.0,2041-2042,Hünärmen
0.0,TTII,5590.0,2041-2042,Hünärmen
0.0,TDLU,1000.0,2041-2042,Hünärmen
0.0,TDBSI,650.0,2041-2042,Hünärmen
0.0,TDMI,30.0,2041-2042,Hünärmen
0.0,TMK,860.0,2041-2042,Hünärmen
0.0,TDÇA,920.0,2041-2042,Hünärmen
0.0,TITUKI,0.0,2041-2042,Hünärmen
0.0,TOHI,0.0,2041-2042,Hünärmen
0.0,TDEI,2265.0,2041-2042,Hünärmen
0.0,SSTDMI,5393.0,2041-2042,Hünärmen
0.0,HAA,50.0,2041-2042,Hünärmen
0.0,TDU,192.0,2041-2042,Bakalawr
0.0,HNGU,605.0,2041-2042,Bakalawr
0.0,HYYÖU,0.0,2041-2042,Bakalawr
0.0,TITU,0.0,2041-2042,Bakalawr
0.0,TOHU,0.0,2041-2042,Bakalawr
0.0,TMDDI,4126.0,2041-2042,Bakalawr
0.0,TDMal,500.0,2041-2042,Bakalawr
0.0,TDBGI,0.0,2041-2042,Bakalawr
0.0,HGI,240.0,2041-2042,Bakalawr
0.0,TDYDI,0.0,2041-2042,Bakalawr
0.0,TTII,180.0,2041-2042,Bakalawr
0.0,TDLU,0.0,2041-2042,Bakalawr
0.0,TDBSI,0.0,2041-2042,Bakalawr
0.0,TDMI,500.0,2041-2042,Bakalawr
0.0,TMK,0.0,2041-2042,Bakalawr
0.0,TDÇA,0.0,2041-2042,Bakalawr
0.0,TITUKI,0.0,2041-2042,Bakalawr
0.0,TOHI,0.0,2041-2042,Bakalawr
0.0,TDEI,1250.0,2041-2042,Bakalawr
0.0,SSTDMI,358.0,2041-2042,Bakalawr
0.0,HAA,130.0,2041-2042,Bakalawr
0.0,TDU,106.0,2041-2042,Magistr
0.0,HNGU,23.0,2041-2042,Magistr
0.0,HYYÖU,0.0,2041-2042,Magistr
0.0,TITU,0.0,2041-2042,Magistr
0.0,TOHU,0.0,2041-2042,Magistr
0.0,TMDDI,80.0,2041-2042,Magistr
0.0,TDMal,80.0,2041-2042,Magistr
0.0,TDBGI,0.0,2041-2042,Magistr
0.0,HGI,90.0,2041-2042,Magistr
0.0,TDYDI,0.0,2041-2042,Magistr
0.0,TTII,0.0,2041-2042,Magistr
0.0,TDLU,0.0,2041-2042,Magistr
0.0,TDBSI,0.0,2041-2042,Magistr
0.0,TDMI,20.0,2041-2042,Magistr
0.0,TMK,0.0,2041-2042,Magistr
0.0,TDÇA,0.0,2041-2042,Magistr
0.0,TITUKI,0.0,2041-2042,Magistr
0.0,TOHI,0.0,2041-2042,Magistr
0.0,TDEI,70.0,2041-2042,Magistr
0.0,SSTDMI,25.0,2041-2042,Magistr
0.0,HAA,30.0,2041-2042,Magistr
0.0,TDU,1934.0,2042-2043,Hünärmen
0.0,HNGU,695.0,2042-2043,Hünärmen
0.0,HYYÖU,0.0,2042-2043,Hünärmen
0.0,TITU,0.0,2042-2043,Hünärmen
0.0,TOHU,0.0,2042-2043,Hünärmen
0.0,TMDDI,320.0,2042-2043,Hünärmen
0.0,TDMal,0.0,2042-2043,Hünärmen
0.0,TDBGI,0.0,2042-2043,Hünärmen
0.0,HGI,441.0,2042-2043,Hünärmen
0.0,TDYDI,0.0,2042-2043,Hünärmen
0.0,TTII,5590.0,2042-2043,Hünärmen
0.0,TDLU,1000.0,2042-2043,Hünärmen
0.0,TDBSI,650.0,2042-2043,Hünärmen
0.0,TDMI,30.0,2042-2043,Hünärmen
0.0,TMK,860.0,2042-2043,Hünärmen
0.0,TDÇA,920.0,2042-2043,Hünärmen
0.0,TITUKI,0.0,2042-2043,Hünärmen
0.0,TOHI,0.0,2042-2043,Hünärmen
0.0,TDEI,2265.0,2042-2043,Hünärmen
0.0,SSTDMI,5393.0,2042-2043,Hünärmen
0.0,HAA,50.0,2042-2043,Hünärmen
0.0,TDU,192.0,2042-2043,Bakalawr
0.0,HNGU,605.0,2042-2043,Bakalawr
0.0,HYYÖU,0.0,2042-2043,Bakalawr
0.0,TITU,0.0,2042-2043,Bakalawr
0.0,TOHU,0.0,2042-2043,Bakalawr
0.0,TMDDI,4116.0,2042-2043,Bakalawr
0.0,TDMal,500.0,2042-2043,Bakalawr
0.0,TDBGI,0.0,2042-2043,Bakalawr
0.0,HGI,240.0,2042-2043,Bakalawr
0.0,TDYDI,0.0,2042-2043,Bakalawr
0.0,TTII,180.0,2042-2043,Bakalawr
0.0,TDLU,0.0,2042-2043,Bakalawr
0.0,TDBSI,0.0,2042-2043,Bakalawr
0.0,TDMI,500.0,2042-2043,Bakalawr
0.0,TMK,0.0,2042-2043,Bakalawr
0.0,TDÇA,0.0,2042-2043,Bakalawr
0.0,TITUKI,0.0,2042-2043,Bakalawr
0.0,TOHI,0.0,2042-2043,Bakalawr
0.0,TDEI,1255.0,2042-2043,Bakalawr
0.0,SSTDMI,358.0,2042-2043,Bakalawr
0.0,HAA,130.0,2042-2043,Bakalawr
0.0,TDU,106.0,2042-2043,Magistr
0.0,HNGU,23.0,2042-2043,Magistr
0.0,HYYÖU,0.0,2042-2043,Magistr
0.0,TITU,0.0,2042-2043,Magistr
0.0,TOHU,0.0,2042-2043,Magistr
0.0,TMDDI,80.0,2042-2043,Magistr
0.0,TDMal,80.0,2042-2043,Magistr
0.0,TDBGI,0.0,2042-2043,Magistr
0.0,HGI,90.0,2042-2043,Magistr
0.0,TDYDI,0.0,2042-2043,Magistr
0.0,TTII,0.0,2042-2043,Magistr
0.0,TDLU,0.0,2042-2043,Magistr
0.0,TDBSI,0.0,2042-2043,Magistr
0.0,TDMI,20.0,2042-2043,Magistr
0.0,TMK,0.0,2042-2043,Magistr
0.0,TDÇA,0.0,2042-2043,Magistr
0.0,TITUKI,0.0,2042-2043,Magistr
0.0,TOHI,0.0,2042-2043,Magistr
0.0,TDEI,70.0,2042-2043,Magistr
0.0,SSTDMI,25.0,2042-2043,Magistr
0.0,HAA,30.0,2042-2043,Magistr
0.0,TDU,1945.0,2043-2044,Hünärmen
0.0,HNGU,695.0,2043-2044,Hünärmen
0.0,HYYÖU,0.0,2043-2044,Hünärmen
0.0,TITU,0.0,2043-2044,Hünärmen
0.0,TOHU,0.0,2043-2044,Hünärmen
0.0,TMDDI,330.0,2043-2044,Hünärmen
0.0,TDMal,0.0,2043-2044,Hünärmen
0.0,TDBGI,0.0,2043-2044,Hünärmen
0.0,HGI,441.0,2043-2044,Hünärmen
0.0,TDYDI,0.0,2043-2044,Hünärmen
0.0,TTII,5590.0,2043-2044,Hünärmen
0.0,TDLU,1000.0,2043-2044,Hünärmen
0.0,TDBSI,650.0,2043-2044,Hünärmen
0.0,TDMI,30.0,2043-2044,Hünärmen
0.0,TMK,860.0,2043-2044,Hünärmen
0.0,TDÇA,920.0,2043-2044,Hünärmen
0.0,TITUKI,0.0,2043-2044,Hünärmen
0.0,TOHI,0.0,2043-2044,Hünärmen
0.0,TDEI,2280.0,2043-2044,Hünärmen
0.0,SSTDMI,5393.0,2043-2044,Hünärmen
0.0,HAA,50.0,2043-2044,Hünärmen
0.0,TDU,192.0,2043-2044,Bakalawr
0.0,HNGU,605.0,2043-2044,Bakalawr
0.0,HYYÖU,0.0,2043-2044,Bakalawr
0.0,TITU,0.0,2043-2044,Bakalawr
0.0,TOHU,0.0,2043-2044,Bakalawr
0.0,TMDDI,4106.0,2043-2044,Bakalawr
0.0,TDMal,500.0,2043-2044,Bakalawr
0.0,TDBGI,0.0,2043-2044,Bakalawr
0.0,HGI,240.0,2043-2044,Bakalawr
0.0,TDYDI,0.0,2043-2044,Bakalawr
0.0,TTII,180.0,2043-2044,Bakalawr
0.0,TDLU,0.0,2043-2044,Bakalawr
0.0,TDBSI,0.0,2043-2044,Bakalawr
0.0,TDMI,500.0,2043-2044,Bakalawr
0.0,TMK,0.0,2043-2044,Bakalawr
0.0,TDÇA,0.0,2043-2044,Bakalawr
0.0,TITUKI,0.0,2043-2044,Bakalawr
0.0,TOHI,0.0,2043-2044,Bakalawr
0.0,TDEI,1255.0,2043-2044,Bakalawr
0.0,SSTDMI,358.0,2043-2044,Bakalawr
0.0,HAA,130.0,2043-2044,Bakalawr
0.0,TDU,106.0,2043-2044,Magistr
0.0,HNGU,23.0,2043-2044,Magistr
0.0,HYYÖU,0.0,2043-2044,Magistr
0.0,TITU,0.0,2043-2044,Magistr
0.0,TOHU,0.0,2043-2044,Magistr
0.0,TMDDI,80.0,2043-2044,Magistr
0.0,TDMal,80.0,2043-2044,Magistr
0.0,TDBGI,0.0,2043-2044,Magistr
0.0,HGI,90.0,2043-2044,Magistr
0.0,TDYDI,0.0,2043-2044,Magistr
0.0,TTII,0.0,2043-2044,Magistr
0.0,TDLU,0.0,2043-2044,Magistr
0.0,TDBSI,0.0,2043-2044,Magistr
0.0,TDMI,20.0,2043-2044,Magistr
0.0,TMK,0.0,2043-2044,Magistr
0.0,TDÇA,0.0,2043-2044,Magistr
0.0,TITUKI,0.0,2043-2044,Magistr
0.0,TOHI,0.0,2043-2044,Magistr
0.0,TDEI,70.0,2043-2044,Magistr
0.0,SSTDMI,25.0,2043-2044,Magistr
0.0,HAA,30.0,2043-2044,Magistr
0.0,TDU,1955.0,2044-2045,Hünärmen
0.0,HNGU,695.0,2044-2045,Hünärmen
0.0,HYYÖU,0.0,2044-2045,Hünärmen
0.0,TITU,0.0,2044-2045,Hünärmen
0.0,TOHU,0.0,2044-2045,Hünärmen
0.0,TMDDI,340.0,2044-2045,Hünärmen
0.0,TDMal,0.0,2044-2045,Hünärmen
0.0,TDBGI,0.0,2044-2045,Hünärmen
0.0,HGI,441.0,2044-2045,Hünärmen
0.0,TDYDI,0.0,2044-2045,Hünärmen
0.0,TTII,5590.0,2044-2045,Hünärmen
0.0,TDLU,1000.0,2044-2045,Hünärmen
0.0,TDBSI,650.0,2044-2045,Hünärmen
0.0,TDMI,30.0,2044-2045,Hünärmen
0.0,TMK,860.0,2044-2045,Hünärmen
0.0,TDÇA,920.0,2044-2045,Hünärmen
0.0,TITUKI,0.0,2044-2045,Hünärmen
0.0,TOHI,0.0,2044-2045,Hünärmen
0.0,TDEI,2280.0,2044-2045,Hünärmen
0.0,SSTDMI,5393.0,2044-2045,Hünärmen
0.0,HAA,50.0,2044-2045,Hünärmen
0.0,TDU,193.0,2044-2045,Bakalawr
0.0,HNGU,605.0,2044-2045,Bakalawr
0.0,HYYÖU,0.0,2044-2045,Bakalawr
0.0,TITU,0.0,2044-2045,Bakalawr
0.0,TOHU,0.0,2044-2045,Bakalawr
0.0,TMDDI,4096.0,2044-2045,Bakalawr
0.0,TDMal,500.0,2044-2045,Bakalawr
0.0,TDBGI,0.0,2044-2045,Bakalawr
0.0,HGI,240.0,2044-2045,Bakalawr
0.0,TDYDI,0.0,2044-2045,Bakalawr
0.0,TTII,180.0,2044-2045,Bakalawr
0.0,TDLU,0.0,2044-2045,Bakalawr
0.0,TDBSI,0.0,2044-2045,Bakalawr
0.0,TDMI,500.0,2044-2045,Bakalawr
0.0,TMK,0.0,2044-2045,Bakalawr
0.0,TDÇA,0.0,2044-2045,Bakalawr
0.0,TITUKI,0.0,2044-2045,Bakalawr
0.0,TOHI,0.0,2044-2045,Bakalawr
0.0,TDEI,1270.0,2044-2045,Bakalawr
0.0,SSTDMI,358.0,2044-2045,Bakalawr
0.0,HAA,130.0,2044-2045,Bakalawr
0.0,TDU,107.0,2044-2045,Magistr
0.0,HNGU,23.0,2044-2045,Magistr
0.0,HYYÖU,0.0,2044-2045,Magistr
0.0,TITU,0.0,2044-2045,Magistr
0.0,TOHU,0.0,2044-2045,Magistr
0.0,TMDDI,80.0,2044-2045,Magistr
0.0,TDMal,80.0,2044-2045,Magistr
0.0,TDBGI,0.0,2044-2045,Magistr
0.0,HGI,90.0,2044-2045,Magistr
0.0,TDYDI,0.0,2044-2045,Magistr
0.0,TTII,0.0,2044-2045,Magistr
0.0,TDLU,0.0,2044-2045,Magistr
0.0,TDBSI,0.0,2044-2045,Magistr
0.0,TDMI,20.0,2044-2045,Magistr
0.0,TMK,0.0,2044-2045,Magistr
0.0,TDÇA,0.0,2044-2045,Magistr
0.0,TITUKI,0.0,2044-2045,Magistr
0.0,TOHI,0.0,2044-2045,Magistr
0.0,TDEI,80.0,2044-2045,Magistr
0.0,SSTDMI,25.0,2044-2045,Magistr
0.0,HAA,30.0,2044-2045,Magistr
0.0,TDU,1965.0,2045-2046,Hünärmen
0.0,HNGU,695.0,2045-2046,Hünärmen
0.0,HYYÖU,0.0,2045-2046,Hünärmen
0.0,TITU,0.0,2045-2046,Hünärmen
0.0,TOHU,0.0,2045-2046,Hünärmen
0.0,TMDDI,350.0,2045-2046,Hünärmen
0.0,TDMal,0.0,2045-2046,Hünärmen
0.0,TDBGI,0.0,2045-2046,Hünärmen
0.0,HGI,441.0,2045-2046,Hünärmen
0.0,TDYDI,0.0,2045-2046,Hünärmen
0.0,TTII,5590.0,2045-2046,Hünärmen
0.0,TDLU,1000.0,2045-2046,Hünärmen
0.0,TDBSI,650.0,2045-2046,Hünärmen
0.0,TDMI,30.0,2045-2046,Hünärmen
0.0,TMK,860.0,2045-2046,Hünärmen
0.0,TDÇA,920.0,2045-2046,Hünärmen
0.0,TITUKI,0.0,2045-2046,Hünärmen
0.0,TOHI,0.0,2045-2046,Hünärmen
0.0,TDEI,2300.0,2045-2046,Hünärmen
0.0,SSTDMI,5393.0,2045-2046,Hünärmen
0.0,HAA,50.0,2045-2046,Hünärmen
0.0,TDU,193.0,2045-2046,Bakalawr
0.0,HNGU,605.0,2045-2046,Bakalawr
0.0,HYYÖU,0.0,2045-2046,Bakalawr
0.0,TITU,0.0,2045-2046,Bakalawr
0.0,TOHU,0.0,2045-2046,Bakalawr
0.0,TMDDI,4086.0,2045-2046,Bakalawr
0.0,TDMal,500.0,2045-2046,Bakalawr
0.0,TDBGI,0.0,2045-2046,Bakalawr
0.0,HGI,240.0,2045-2046,Bakalawr
0.0,TDYDI,0.0,2045-2046,Bakalawr
0.0,TTII,180.0,2045-2046,Bakalawr
0.0,TDLU,0.0,2045-2046,Bakalawr
0.0,TDBSI,0.0,2045-2046,Bakalawr
0.0,TDMI,500.0,2045-2046,Bakalawr
0.0,TMK,0.0,2045-2046,Bakalawr
0.0,TDÇA,0.0,2045-2046,Bakalawr
0.0,TITUKI,0.0,2045-2046,Bakalawr
0.0,TOHI,0.0,2045-2046,Bakalawr
0.0,TDEI,1270.0,2045-2046,Bakalawr
0.0,SSTDMI,358.0,2045-2046,Bakalawr
0.0,HAA,150.0,2045-2046,Bakalawr
0.0,TDU,107.0,2045-2046,Magistr
0.0,HNGU,23.0,2045-2046,Magistr
0.0,HYYÖU,0.0,2045-2046,Magistr
0.0,TITU,0.0,2045-2046,Magistr
0.0,TOHU,0.0,2045-2046,Magistr
0.0,TMDDI,80.0,2045-2046,Magistr
0.0,TDMal,80.0,2045-2046,Magistr
0.0,TDBGI,0.0,2045-2046,Magistr
0.0,HGI,90.0,2045-2046,Magistr
0.0,TDYDI,0.0,2045-2046,Magistr
0.0,TTII,0.0,2045-2046,Magistr
0.0,TDLU,0.0,2045-2046,Magistr
0.0,TDBSI,0.0,2045-2046,Magistr
0.0,TDMI,20.0,2045-2046,Magistr
0.0,TMK,0.0,2045-2046,Magistr
0.0,TDÇA,0.0,2045-2046,Magistr
0.0,TITUKI,0.0,2045-2046,Magistr
0.0,TOHI,0.0,2045-2046,Magistr
0.0,TDEI,80.0,2045-2046,Magistr
0.0,SSTDMI,25.0,2045-2046,Magistr
0.0,HAA,40.0,2045-2046,Magistr
0.0,TDU,1975.0,2046-2047,Hünärmen
0.0,HNGU,695.0,2046-2047,Hünärmen
0.0,HYYÖU,0.0,2046-2047,Hünärmen
0.0,TITU,0.0,2046-2047,Hünärmen
0.0,TOHU,0.0,2046-2047,Hünärmen
0.0,TMDDI,370.0,2046-2047,Hünärmen
0.0,TDMal,0.0,2046-2047,Hünärmen
0.0,TDBGI,0.0,2046-2047,Hünärmen
0.0,HGI,441.0,2046-2047,Hünärmen
0.0,TDYDI,0.0,2046-2047,Hünärmen
0.0,TTII,5590.0,2046-2047,Hünärmen
0.0,TDLU,1000.0,2046-2047,Hünärmen
0.0,TDBSI,650.0,2046-2047,Hünärmen
0.0,TDMI,30.0,2046-2047,Hünärmen
0.0,TMK,860.0,2046-2047,Hünärmen
0.0,TDÇA,930.0,2046-2047,Hünärmen
0.0,TITUKI,0.0,2046-2047,Hünärmen
0.0,TOHI,0.0,2046-2047,Hünärmen
0.0,TDEI,2300.0,2046-2047,Hünärmen
0.0,SSTDMI,5393.0,2046-2047,Hünärmen
0.0,HAA,50.0,2046-2047,Hünärmen
0.0,TDU,208.0,2046-2047,Bakalawr
0.0,HNGU,605.0,2046-2047,Bakalawr
0.0,HYYÖU,0.0,2046-2047,Bakalawr
0.0,TITU,0.0,2046-2047,Bakalawr
0.0,TOHU,0.0,2046-2047,Bakalawr
0.0,TMDDI,4066.0,2046-2047,Bakalawr
0.0,TDMal,500.0,2046-2047,Bakalawr
0.0,TDBGI,0.0,2046-2047,Bakalawr
0.0,HGI,240.0,2046-2047,Bakalawr
0.0,TDYDI,0.0,2046-2047,Bakalawr
0.0,TTII,130.0,2046-2047,Bakalawr
0.0,TDLU,0.0,2046-2047,Bakalawr
0.0,TDBSI,0.0,2046-2047,Bakalawr
0.0,TDMI,500.0,2046-2047,Bakalawr
0.0,TMK,0.0,2046-2047,Bakalawr
0.0,TDÇA,0.0,2046-2047,Bakalawr
0.0,TITUKI,0.0,2046-2047,Bakalawr
0.0,TOHI,0.0,2046-2047,Bakalawr
0.0,TDEI,1280.0,2046-2047,Bakalawr
0.0,SSTDMI,358.0,2046-2047,Bakalawr
0.0,HAA,150.0,2046-2047,Bakalawr
0.0,TDU,117.0,2046-2047,Magistr
0.0,HNGU,23.0,2046-2047,Magistr
0.0,HYYÖU,0.0,2046-2047,Magistr
0.0,TITU,0.0,2046-2047,Magistr
0.0,TOHU,0.0,2046-2047,Magistr
0.0,TMDDI,80.0,2046-2047,Magistr
0.0,TDMal,80.0,2046-2047,Magistr
0.0,TDBGI,0.0,2046-2047,Magistr
0.0,HGI,90.0,2046-2047,Magistr
0.0,TDYDI,0.0,2046-2047,Magistr
0.0,TTII,50.0,2046-2047,Magistr
0.0,TDLU,0.0,2046-2047,Magistr
0.0,TDBSI,0.0,2046-2047,Magistr
0.0,TDMI,20.0,2046-2047,Magistr
0.0,TMK,0.0,2046-2047,Magistr
0.0,TDÇA,0.0,2046-2047,Magistr
0.0,TITUKI,0.0,2046-2047,Magistr
0.0,TOHI,0.0,2046-2047,Magistr
0.0,TDEI,80.0,2046-2047,Magistr
0.0,SSTDMI,25.0,2046-2047,Magistr
0.0,HAA,40.0,2046-2047,Magistr
0.0,TDU,1986.0,2047-2048,Hünärmen
0.0,HNGU,695.0,2047-2048,Hünärmen
0.0,HYYÖU,0.0,2047-2048,Hünärmen
0.0,TITU,0.0,2047-2048,Hünärmen
0.0,TOHU,0.0,2047-2048,Hünärmen
0.0,TMDDI,390.0,2047-2048,Hünärmen
0.0,TDMal,0.0,2047-2048,Hünärmen
0.0,TDBGI,0.0,2047-2048,Hünärmen
0.0,HGI,441.0,2047-2048,Hünärmen
0.0,TDYDI,0.0,2047-2048,Hünärmen
0.0,TTII,5590.0,2047-2048,Hünärmen
0.0,TDLU,1000.0,2047-2048,Hünärmen
0.0,TDBSI,650.0,2047-2048,Hünärmen
0.0,TDMI,30.0,2047-2048,Hünärmen
0.0,TMK,860.0,2047-2048,Hünärmen
0.0,TDÇA,930.0,2047-2048,Hünärmen
0.0,TITUKI,0.0,2047-2048,Hünärmen
0.0,TOHI,0.0,2047-2048,Hünärmen
0.0,TDEI,2320.0,2047-2048,Hünärmen
0.0,SSTDMI,5393.0,2047-2048,Hünärmen
0.0,HAA,50.0,2047-2048,Hünärmen
0.0,TDU,208.0,2047-2048,Bakalawr
0.0,HNGU,605.0,2047-2048,Bakalawr
0.0,HYYÖU,0.0,2047-2048,Bakalawr
0.0,TITU,0.0,2047-2048,Bakalawr
0.0,TOHU,0.0,2047-2048,Bakalawr
0.0,TMDDI,4046.0,2047-2048,Bakalawr
0.0,TDMal,500.0,2047-2048,Bakalawr
0.0,TDBGI,0.0,2047-2048,Bakalawr
0.0,HGI,240.0,2047-2048,Bakalawr
0.0,TDYDI,0.0,2047-2048,Bakalawr
0.0,TTII,130.0,2047-2048,Bakalawr
0.0,TDLU,0.0,2047-2048,Bakalawr
0.0,TDBSI,0.0,2047-2048,Bakalawr
0.0,TDMI,500.0,2047-2048,Bakalawr
0.0,TMK,0.0,2047-2048,Bakalawr
0.0,TDÇA,0.0,2047-2048,Bakalawr
0.0,TITUKI,0.0,2047-2048,Bakalawr
0.0,TOHI,0.0,2047-2048,Bakalawr
0.0,TDEI,1300.0,2047-2048,Bakalawr
0.0,SSTDMI,358.0,2047-2048,Bakalawr
0.0,HAA,150.0,2047-2048,Bakalawr
0.0,TDU,117.0,2047-2048,Magistr
0.0,HNGU,23.0,2047-2048,Magistr
0.0,HYYÖU,0.0,2047-2048,Magistr
0.0,TITU,0.0,2047-2048,Magistr
0.0,TOHU,0.0,2047-2048,Magistr
0.0,TMDDI,80.0,2047-2048,Magistr
0.0,TDMal,80.0,2047-2048,Magistr
0.0,TDBGI,0.0,2047-2048,Magistr
0.0,HGI,90.0,2047-2048,Magistr
0.0,TDYDI,0.0,2047-2048,Magistr
0.0,TTII,50.0,2047-2048,Magistr
0.0,TDLU,0.0,2047-2048,Magistr
0.0,TDBSI,0.0,2047-2048,Magistr
0.0,TDMI,20.0,2047-2048,Magistr
0.0,TMK,0.0,2047-2048,Magistr
0.0,TDÇA,0.0,2047-2048,Magistr
0.0,TITUKI,0.0,2047-2048,Magistr
0.0,TOHI,0.0,2047-2048,Magistr
0.0,TDEI,80.0,2047-2048,Magistr
0.0,SSTDMI,25.0,2047-2048,Magistr
0.0,HAA,40.0,2047-2048,Magistr
0.0,TDU,1996.0,2048-2049,Hünärmen
0.0,HNGU,695.0,2048-2049,Hünärmen
0.0,HYYÖU,0.0,2048-2049,Hünärmen
0.0,TITU,0.0,2048-2049,Hünärmen
0.0,TOHU,0.0,2048-2049,Hünärmen
0.0,TMDDI,410.0,2048-2049,Hünärmen
0.0,TDMal,0.0,2048-2049,Hünärmen
0.0,TDBGI,0.0,2048-2049,Hünärmen
0.0,HGI,441.0,2048-2049,Hünärmen
0.0,TDYDI,0.0,2048-2049,Hünärmen
0.0,TTII,5590.0,2048-2049,Hünärmen
0.0,TDLU,1000.0,2048-2049,Hünärmen
0.0,TDBSI,650.0,2048-2049,Hünärmen
0.0,TDMI,30.0,2048-2049,Hünärmen
0.0,TMK,860.0,2048-2049,Hünärmen
0.0,TDÇA,930.0,2048-2049,Hünärmen
0.0,TITUKI,0.0,2048-2049,Hünärmen
0.0,TOHI,0.0,2048-2049,Hünärmen
0.0,TDEI,2340.0,2048-2049,Hünärmen
0.0,SSTDMI,5393.0,2048-2049,Hünärmen
0.0,HAA,50.0,2048-2049,Hünärmen
0.0,TDU,208.0,2048-2049,Bakalawr
0.0,HNGU,605.0,2048-2049,Bakalawr
0.0,HYYÖU,0.0,2048-2049,Bakalawr
0.0,TITU,0.0,2048-2049,Bakalawr
0.0,TOHU,0.0,2048-2049,Bakalawr
0.0,TMDDI,4026.0,2048-2049,Bakalawr
0.0,TDMal,500.0,2048-2049,Bakalawr
0.0,TDBGI,0.0,2048-2049,Bakalawr
0.0,HGI,240.0,2048-2049,Bakalawr
0.0,TDYDI,0.0,2048-2049,Bakalawr
0.0,TTII,130.0,2048-2049,Bakalawr
0.0,TDLU,0.0,2048-2049,Bakalawr
0.0,TDBSI,0.0,2048-2049,Bakalawr
0.0,TDMI,500.0,2048-2049,Bakalawr
0.0,TMK,0.0,2048-2049,Bakalawr
0.0,TDÇA,0.0,2048-2049,Bakalawr
0.0,TITUKI,0.0,2048-2049,Bakalawr
0.0,TOHI,0.0,2048-2049,Bakalawr
0.0,TDEI,1315.0,2048-2049,Bakalawr
0.0,SSTDMI,358.0,2048-2049,Bakalawr
0.0,HAA,150.0,2048-2049,Bakalawr
0.0,TDU,117.0,2048-2049,Magistr
0.0,HNGU,23.0,2048-2049,Magistr
0.0,HYYÖU,0.0,2048-2049,Magistr
0.0,TITU,0.0,2048-2049,Magistr
0.0,TOHU,0.0,2048-2049,Magistr
0.0,TMDDI,80.0,2048-2049,Magistr
0.0,TDMal,80.0,2048-2049,Magistr
0.0,TDBGI,0.0,2048-2049,Magistr
0.0,HGI,90.0,2048-2049,Magistr
0.0,TDYDI,0.0,2048-2049,Magistr
0.0,TTII,50.0,2048-2049,Magistr
0.0,TDLU,0.0,2048-2049,Magistr
0.0,TDBSI,0.0,2048-2049,Magistr
0.0,TDMI,20.0,2048-2049,Magistr
0.0,TMK,0.0,2048-2049,Magistr
0.0,TDÇA,0.0,2048-2049,Magistr
0.0,TITUKI,0.0,2048-2049,Magistr
0.0,TOHI,0.0,2048-2049,Magistr
0.0,TDEI,80.0,2048-2049,Magistr
0.0,SSTDMI,25.0,2048-2049,Magistr
0.0,HAA,40.0,2048-2049,Magistr
0.0,TDU,2007.0,2049-2050,Hünärmen
0.0,HNGU,695.0,2049-2050,Hünärmen
0.0,HYYÖU,0.0,2049-2050,Hünärmen
0.0,TITU,0.0,2049-2050,Hünärmen
0.0,TOHU,0.0,2049-2050,Hünärmen
0.0,TMDDI,430.0,2049-2050,Hünärmen
0.0,TDMal,0.0,2049-2050,Hünärmen
0.0,TDBGI,0.0,2049-2050,Hünärmen
0.0,HGI,441.0,2049-2050,Hünärmen
0.0,TDYDI,0.0,2049-2050,Hünärmen
0.0,TTII,5590.0,2049-2050,Hünärmen
0.0,TDLU,1000.0,2049-2050,Hünärmen
0.0,TDBSI,650.0,2049-2050,Hünärmen
0.0,TDMI,30.0,2049-2050,Hünärmen
0.0,TMK,860.0,2049-2050,Hünärmen
0.0,TDÇA,930.0,2049-2050,Hünärmen
0.0,TITUKI,0.0,2049-2050,Hünärmen
0.0,TOHI,0.0,2049-2050,Hünärmen
0.0,TDEI,2350.0,2049-2050,Hünärmen
0.0,SSTDMI,5393.0,2049-2050,Hünärmen
0.0,HAA,50.0,2049-2050,Hünärmen
0.0,TDU,208.0,2049-2050,Bakalawr
0.0,HNGU,605.0,2049-2050,Bakalawr
0.0,HYYÖU,0.0,2049-2050,Bakalawr
0.0,TITU,0.0,2049-2050,Bakalawr
0.0,TOHU,0.0,2049-2050,Bakalawr
0.0,TMDDI,4006.0,2049-2050,Bakalawr
0.0,TDMal,500.0,2049-2050,Bakalawr
0.0,TDBGI,0.0,2049-2050,Bakalawr
0.0,HGI,240.0,2049-2050,Bakalawr
0.0,TDYDI,0.0,2049-2050,Bakalawr
0.0,TTII,130.0,2049-2050,Bakalawr
0.0,TDLU,0.0,2049-2050,Bakalawr
0.0,TDBSI,0.0,2049-2050,Bakalawr
0.0,TDMI,500.0,2049-2050,Bakalawr
0.0,TMK,0.0,2049-2050,Bakalawr
0.0,TDÇA,0.0,2049-2050,Bakalawr
0.0,TITUKI,0.0,2049-2050,Bakalawr
0.0,TOHI,0.0,2049-2050,Bakalawr
0.0,TDEI,1330.0,2049-2050,Bakalawr
0.0,SSTDMI,358.0,2049-2050,Bakalawr
0.0,HAA,150.0,2049-2050,Bakalawr
0.0,TDU,117.0,2049-2050,Magistr
0.0,HNGU,23.0,2049-2050,Magistr
0.0,HYYÖU,0.0,2049-2050,Magistr
0.0,TITU,0.0,2049-2050,Magistr
0.0,TOHU,0.0,2049-2050,Magistr
0.0,TMDDI,80.0,2049-2050,Magistr
0.0,TDMal,80.0,2049-2050,Magistr
0.0,TDBGI,0.0,2049-2050,Magistr
0.0,HGI,90.0,2049-2050,Magistr
0.0,TDYDI,0.0,2049-2050,Magistr
0.0,TTII,50.0,2049-2050,Magistr
0.0,TDLU,0.0,2049-2050,Magistr
0.0,TDBSI,0.0,2049-2050,Magistr
0.0,TDMI,20.0,2049-2050,Magistr
0.0,TMK,0.0,2049-2050,Magistr
0.0,TDÇA,0.0,2049-2050,Magistr
0.0,TITUKI,0.0,2049-2050,Magistr
0.0,TOHI,0.0,2049-2050,Magistr
0.0,TDEI,90.0,2049-2050,Magistr
0.0,SSTDMI,25.0,2049-2050,Magistr
0.0,HAA,40.0,2049-2050,Magistr
0.0,TDU,2017.0,2050-2051,Hünärmen
0.0,HNGU,695.0,2050-2051,Hünärmen
0.0,HYYÖU,0.0,2050-2051,Hünärmen
0.0,TITU,0.0,2050-2051,Hünärmen
0.0,TOHU,0.0,2050-2051,Hünärmen
0.0,TMDDI,450.0,2050-2051,Hünärmen
0.0,TDMal,0.0,2050-2051,Hünärmen
0.0,TDBGI,0.0,2050-2051,Hünärmen
0.0,HGI,441.0,2050-2051,Hünärmen
0.0,TDYDI,0.0,2050-2051,Hünärmen
0.0,TTII,5590.0,2050-2051,Hünärmen
0.0,TDLU,1000.0,2050-2051,Hünärmen
0.0,TDBSI,650.0,2050-2051,Hünärmen
0.0,TDMI,30.0,2050-2051,Hünärmen
0.0,TMK,860.0,2050-2051,Hünärmen
0.0,TDÇA,930.0,2050-2051,Hünärmen
0.0,TITUKI,0.0,2050-2051,Hünärmen
0.0,TOHI,0.0,2050-2051,Hünärmen
0.0,TDEI,2360.0,2050-2051,Hünärmen
0.0,SSTDMI,5393.0,2050-2051,Hünärmen
0.0,HAA,50.0,2050-2051,Hünärmen
0.0,TDU,209.0,2050-2051,Bakalawr
0.0,HNGU,605.0,2050-2051,Bakalawr
0.0,HYYÖU,0.0,2050-2051,Bakalawr
0.0,TITU,0.0,2050-2051,Bakalawr
0.0,TOHU,0.0,2050-2051,Bakalawr
0.0,TMDDI,3986.0,2050-2051,Bakalawr
0.0,TDMal,500.0,2050-2051,Bakalawr
0.0,TDBGI,0.0,2050-2051,Bakalawr
0.0,HGI,240.0,2050-2051,Bakalawr
0.0,TDYDI,0.0,2050-2051,Bakalawr
0.0,TTII,130.0,2050-2051,Bakalawr
0.0,TDLU,0.0,2050-2051,Bakalawr
0.0,TDBSI,0.0,2050-2051,Bakalawr
0.0,TDMI,500.0,2050-2051,Bakalawr
0.0,TMK,0.0,2050-2051,Bakalawr
0.0,TDÇA,0.0,2050-2051,Bakalawr
0.0,TITUKI,0.0,2050-2051,Bakalawr
0.0,TOHI,0.0,2050-2051,Bakalawr
0.0,TDEI,1330.0,2050-2051,Bakalawr
0.0,SSTDMI,358.0,2050-2051,Bakalawr
0.0,HAA,150.0,2050-2051,Bakalawr
0.0,TDU,117.0,2050-2051,Magistr
0.0,HNGU,23.0,2050-2051,Magistr
0.0,HYYÖU,0.0,2050-2051,Magistr
0.0,TITU,0.0,2050-2051,Magistr
0.0,TOHU,0.0,2050-2051,Magistr
0.0,TMDDI,80.0,2050-2051,Magistr
0.0,TDMal,80.0,2050-2051,Magistr
0.0,TDBGI,0.0,2050-2051,Magistr
0.0,HGI,90.0,2050-2051,Magistr
0.0,TDYDI,0.0,2050-2051,Magistr
0.0,TTII,50.0,2050-2051,Magistr
0.0,TDLU,0.0,2050-2051,Magistr
0.0,TDBSI,0.0,2050-2051,Magistr
0.0,TDMI,20.0,2050-2051,Magistr
0.0,TMK,0.0,2050-2051,Magistr
0.0,TDÇA,0.0,2050-2051,Magistr
0.0,TITUKI,0.0,2050-2051,Magistr
0.0,TOHI,0.0,2050-2051,Magistr
0.0,TDEI,90.0,2050-2051,Magistr
0.0,SSTDMI,25.0,2050-2051,Magistr
0.0,HAA,40.0,2050-2051,Magistr
0.0,TDU,2027.0,2051-2052,Hünärmen
0.0,HNGU,695.0,2051-2052,Hünärmen
0.0,HYYÖU,0.0,2051-2052,Hünärmen
0.0,TITU,0.0,2051-2052,Hünärmen
0.0,TOHU,0.0,2051-2052,Hünärmen
0.0,TMDDI,450.0,2051-2052,Hünärmen
0.0,TDMal,0.0,2051-2052,Hünärmen
0.0,TDBGI,0.0,2051-2052,Hünärmen
0.0,HGI,441.0,2051-2052,Hünärmen
0.0,TDYDI,0.0,2051-2052,Hünärmen
0.0,TTII,5590.0,2051-2052,Hünärmen
0.0,TDLU,1000.0,2051-2052,Hünärmen
0.0,TDBSI,650.0,2051-2052,Hünärmen
0.0,TDMI,30.0,2051-2052,Hünärmen
0.0,TMK,860.0,2051-2052,Hünärmen
0.0,TDÇA,950.0,2051-2052,Hünärmen
0.0,TITUKI,0.0,2051-2052,Hünärmen
0.0,TOHI,0.0,2051-2052,Hünärmen
0.0,TDEI,2360.0,2051-2052,Hünärmen
0.0,SSTDMI,5393.0,2051-2052,Hünärmen
0.0,HAA,50.0,2051-2052,Hünärmen
0.0,TDU,210.0,2051-2052,Bakalawr
0.0,HNGU,605.0,2051-2052,Bakalawr
0.0,HYYÖU,0.0,2051-2052,Bakalawr
0.0,TITU,0.0,2051-2052,Bakalawr
0.0,TOHU,0.0,2051-2052,Bakalawr
0.0,TMDDI,3986.0,2051-2052,Bakalawr
0.0,TDMal,500.0,2051-2052,Bakalawr
0.0,TDBGI,0.0,2051-2052,Bakalawr
0.0,HGI,240.0,2051-2052,Bakalawr
0.0,TDYDI,0.0,2051-2052,Bakalawr
0.0,TTII,130.0,2051-2052,Bakalawr
0.0,TDLU,0.0,2051-2052,Bakalawr
0.0,TDBSI,0.0,2051-2052,Bakalawr
0.0,TDMI,500.0,2051-2052,Bakalawr
0.0,TMK,0.0,2051-2052,Bakalawr
0.0,TDÇA,0.0,2051-2052,Bakalawr
0.0,TITUKI,0.0,2051-2052,Bakalawr
0.0,TOHI,0.0,2051-2052,Bakalawr
0.0,TDEI,1350.0,2051-2052,Bakalawr
0.0,SSTDMI,358.0,2051-2052,Bakalawr
0.0,HAA,150.0,2051-2052,Bakalawr
0.0,TDU,117.0,2051-2052,Magistr
0.0,HNGU,23.0,2051-2052,Magistr
0.0,HYYÖU,0.0,2051-2052,Magistr
0.0,TITU,0.0,2051-2052,Magistr
0.0,TOHU,0.0,2051-2052,Magistr
0.0,TMDDI,80.0,2051-2052,Magistr
0.0,TDMal,80.0,2051-2052,Magistr
0.0,TDBGI,0.0,2051-2052,Magistr
0.0,HGI,90.0,2051-2052,Magistr
0.0,TDYDI,0.0,2051-2052,Magistr
0.0,TTII,50.0,2051-2052,Magistr
0.0,TDLU,0.0,2051-2052,Magistr
0.0,TDBSI,0.0,2051-2052,Magistr
0.0,TDMI,20.0,2051-2052,Magistr
0.0,TMK,0.0,2051-2052,Magistr
0.0,TDÇA,0.0,2051-2052,Magistr
0.0,TITUKI,0.0,2051-2052,Magistr
0.0,TOHI,0.0,2051-2052,Magistr
0.0,TDEI,100.0,2051-2052,Magistr
0.0,SSTDMI,25.0,2051-2052,Magistr
0.0,HAA,40.0,2051-2052,Magistr
